date,d,wm_yr_wk,weekday,wday,month,year,event_name_1,event_type_1,event_name_2,event_type_2,snap_CA,snap_TX,snap_WI,temperature,fuel_price,cpi,unemployment
2023-01-01,d_1,2022_52,Sunday,7,1,2023,NewYear,National,,,1,0,1,51.9,3.16,294.6,4.54
2023-01-02,d_2,2023_01,Monday,1,1,2023,,,,,1,0,1,45.3,3.08,295.03,4.51
2023-01-03,d_3,2023_01,Tuesday,2,1,2023,,,,,1,0,1,54.3,3.12,295.11,4.56
2023-01-04,d_4,2023_01,Wednesday,3,1,2023,,,,,1,0,1,55.3,3.15,294.31,4.59
2023-01-05,d_5,2023_01,Thursday,4,1,2023,,,,,1,0,1,40.9,3.14,295.0,4.55
2023-01-06,d_6,2023_01,Friday,5,1,2023,,,,,1,0,1,44.3,3.11,295.1,4.61
2023-01-07,d_7,2023_01,Saturday,6,1,2023,,,,,1,0,1,51.5,3.11,295.02,4.55
2023-01-08,d_8,2023_01,Sunday,7,1,2023,,,,,0,0,0,49.4,3.11,294.8,4.61
2023-01-09,d_9,2023_02,Monday,1,1,2023,,,,,0,0,0,51.0,2.99,294.93,4.61
2023-01-10,d_10,2023_02,Tuesday,2,1,2023,,,,,0,0,0,46.9,3.14,295.09,4.59
2023-01-11,d_11,2023_02,Wednesday,3,1,2023,,,,,0,0,0,55.7,2.98,295.22,4.57
2023-01-12,d_12,2023_02,Thursday,4,1,2023,,,,,0,0,0,55.3,3.03,295.44,4.6
2023-01-13,d_13,2023_02,Friday,5,1,2023,,,,,0,0,0,51.9,3.2,295.65,4.63
2023-01-14,d_14,2023_02,Saturday,6,1,2023,,,,,0,0,0,57.3,3.17,295.12,4.7
2023-01-15,d_15,2023_02,Sunday,7,1,2023,,,,,0,0,0,54.2,3.23,295.07,4.65
2023-01-16,d_16,2023_03,Monday,1,1,2023,,,,,0,0,0,47.7,3.09,295.45,4.65
2023-01-17,d_17,2023_03,Tuesday,2,1,2023,,,,,0,0,0,53.9,3.03,295.53,4.76
2023-01-18,d_18,2023_03,Wednesday,3,1,2023,,,,,0,0,0,47.4,3.11,295.13,4.64
2023-01-19,d_19,2023_03,Thursday,4,1,2023,,,,,0,0,0,56.8,3.14,295.64,4.64
2023-01-20,d_20,2023_03,Friday,5,1,2023,,,,,0,0,0,52.3,3.15,295.73,4.65
2023-01-21,d_21,2023_03,Saturday,6,1,2023,,,,,0,0,0,51.8,3.24,295.88,4.57
2023-01-22,d_22,2023_03,Sunday,7,1,2023,,,,,0,0,0,49.5,3.12,296.09,4.6
2023-01-23,d_23,2023_04,Monday,1,1,2023,,,,,0,0,0,59.2,3.19,295.05,4.6
2023-01-24,d_24,2023_04,Tuesday,2,1,2023,,,,,0,0,0,52.4,3.08,295.42,4.66
2023-01-25,d_25,2023_04,Wednesday,3,1,2023,,,,,0,0,0,51.3,3.21,295.44,4.62
2023-01-26,d_26,2023_04,Thursday,4,1,2023,,,,,0,0,0,51.8,3.18,295.41,4.63
2023-01-27,d_27,2023_04,Friday,5,1,2023,,,,,0,0,0,56.4,3.12,295.21,4.68
2023-01-28,d_28,2023_04,Saturday,6,1,2023,,,,,0,0,0,55.8,3.17,294.89,4.67
2023-01-29,d_29,2023_04,Sunday,7,1,2023,,,,,0,0,0,56.2,3.18,295.54,4.62
2023-01-30,d_30,2023_05,Monday,1,1,2023,,,,,0,0,0,56.5,3.18,295.21,4.6
2023-01-31,d_31,2023_05,Tuesday,2,1,2023,,,,,0,0,0,65.3,3.35,295.57,4.69
2023-02-01,d_32,2023_05,Wednesday,3,2,2023,,,,,1,1,1,52.7,3.2,295.24,4.68
2023-02-02,d_33,2023_05,Thursday,4,2,2023,,,,,1,1,1,52.4,3.2,295.14,4.56
2023-02-03,d_34,2023_05,Friday,5,2,2023,,,,,1,1,1,51.1,3.06,295.69,4.62
2023-02-04,d_35,2023_05,Saturday,6,2,2023,,,,,1,1,1,58.5,3.16,295.67,4.65
2023-02-05,d_36,2023_05,Sunday,7,2,2023,,,,,1,1,1,61.3,3.22,295.86,4.68
2023-02-06,d_37,2023_06,Monday,1,2,2023,,,,,1,1,1,55.3,3.19,296.52,4.69
2023-02-07,d_38,2023_06,Tuesday,2,2,2023,,,,,1,1,1,51.9,3.36,295.78,4.66
2023-02-08,d_39,2023_06,Wednesday,3,2,2023,,,,,0,0,0,52.2,3.24,295.88,4.67
2023-02-09,d_40,2023_06,Thursday,4,2,2023,,,,,0,0,0,59.8,3.36,295.27,4.65
2023-02-10,d_41,2023_06,Friday,5,2,2023,,,,,0,0,0,60.5,3.27,295.21,4.61
2023-02-11,d_42,2023_06,Saturday,6,2,2023,,,,,0,0,0,59.8,3.27,296.37,4.63
2023-02-12,d_43,2023_06,Sunday,7,2,2023,,,,,0,0,0,54.0,3.27,295.39,4.65
2023-02-13,d_44,2023_07,Monday,1,2,2023,,,,,0,0,0,58.7,3.28,295.36,4.65
2023-02-14,d_45,2023_07,Tuesday,2,2,2023,Valentines,National,,,0,0,0,58.4,3.43,295.78,4.55
2023-02-15,d_46,2023_07,Wednesday,3,2,2023,,,,,0,0,0,59.2,3.11,295.77,4.63
2023-02-16,d_47,2023_07,Thursday,4,2,2023,,,,,0,0,0,62.7,3.14,295.47,4.65
2023-02-17,d_48,2023_07,Friday,5,2,2023,,,,,0,0,0,59.7,3.26,295.72,4.64
2023-02-18,d_49,2023_07,Saturday,6,2,2023,,,,,0,0,0,62.2,3.31,296.36,4.64
2023-02-19,d_50,2023_07,Sunday,7,2,2023,,,,,0,0,0,59.5,3.37,295.56,4.67
2023-02-20,d_51,2023_08,Monday,1,2,2023,,,,,0,0,0,60.8,3.36,295.34,4.6
2023-02-21,d_52,2023_08,Tuesday,2,2,2023,,,,,0,0,0,62.8,3.3,296.3,4.57
2023-02-22,d_53,2023_08,Wednesday,3,2,2023,,,,,0,0,0,52.7,3.42,296.13,4.63
2023-02-23,d_54,2023_08,Thursday,4,2,2023,,,,,0,0,0,58.6,3.42,295.71,4.69
2023-02-24,d_55,2023_08,Friday,5,2,2023,,,,,0,0,0,58.1,3.36,295.34,4.73
2023-02-25,d_56,2023_08,Saturday,6,2,2023,,,,,0,0,0,57.6,3.43,295.69,4.69
2023-02-26,d_57,2023_08,Sunday,7,2,2023,,,,,0,0,0,59.7,3.38,295.99,4.58
2023-02-27,d_58,2023_09,Monday,1,2,2023,,,,,0,0,0,68.8,3.32,296.49,4.64
2023-02-28,d_59,2023_09,Tuesday,2,2,2023,,,,,0,0,0,57.3,3.42,295.63,4.66
2023-03-01,d_60,2023_09,Wednesday,3,3,2023,,,,,1,1,1,66.8,3.38,296.03,4.66
2023-03-02,d_61,2023_09,Thursday,4,3,2023,,,,,1,1,1,53.8,3.38,296.35,4.67
2023-03-03,d_62,2023_09,Friday,5,3,2023,,,,,1,1,1,60.8,3.5,295.15,4.6
2023-03-04,d_63,2023_09,Saturday,6,3,2023,,,,,1,1,1,63.6,3.19,296.53,4.65
2023-03-05,d_64,2023_09,Sunday,7,3,2023,,,,,1,1,1,66.0,3.28,295.66,4.67
2023-03-06,d_65,2023_10,Monday,1,3,2023,,,,,1,1,1,67.0,3.3,296.28,4.68
2023-03-07,d_66,2023_10,Tuesday,2,3,2023,,,,,1,1,1,67.7,3.37,296.27,4.6
2023-03-08,d_67,2023_10,Wednesday,3,3,2023,,,,,0,0,0,62.3,3.39,296.62,4.62
2023-03-09,d_68,2023_10,Thursday,4,3,2023,,,,,0,0,0,62.0,3.29,296.43,4.5
2023-03-10,d_69,2023_10,Friday,5,3,2023,,,,,0,0,0,68.9,3.34,295.27,4.61
2023-03-11,d_70,2023_10,Saturday,6,3,2023,,,,,0,0,0,64.0,3.35,295.93,4.61
2023-03-12,d_71,2023_10,Sunday,7,3,2023,,,,,0,0,0,58.8,3.62,296.32,4.58
2023-03-13,d_72,2023_11,Monday,1,3,2023,,,,,0,0,0,59.9,3.58,296.2,4.64
2023-03-14,d_73,2023_11,Tuesday,2,3,2023,,,,,0,0,0,61.2,3.4,296.49,4.63
2023-03-15,d_74,2023_11,Wednesday,3,3,2023,,,,,0,0,0,68.6,3.41,296.63,4.52
2023-03-16,d_75,2023_11,Thursday,4,3,2023,,,,,0,0,0,67.2,3.35,296.58,4.64
2023-03-17,d_76,2023_11,Friday,5,3,2023,,,,,0,0,0,70.2,3.3,296.26,4.58
2023-03-18,d_77,2023_11,Saturday,6,3,2023,,,,,0,0,0,64.9,3.44,295.63,4.65
2023-03-19,d_78,2023_11,Sunday,7,3,2023,,,,,0,0,0,68.2,3.38,296.2,4.56
2023-03-20,d_79,2023_12,Monday,1,3,2023,,,,,0,0,0,70.8,3.45,296.57,4.62
2023-03-21,d_80,2023_12,Tuesday,2,3,2023,,,,,0,0,0,66.5,3.34,295.99,4.61
2023-03-22,d_81,2023_12,Wednesday,3,3,2023,,,,,0,0,0,70.6,3.41,296.69,4.63
2023-03-23,d_82,2023_12,Thursday,4,3,2023,,,,,0,0,0,65.3,3.48,296.82,4.62
2023-03-24,d_83,2023_12,Friday,5,3,2023,,,,,0,0,0,67.1,3.51,296.53,4.6
2023-03-25,d_84,2023_12,Saturday,6,3,2023,,,,,0,0,0,67.3,3.51,295.27,4.53
2023-03-26,d_85,2023_12,Sunday,7,3,2023,,,,,0,0,0,63.6,3.38,296.0,4.54
2023-03-27,d_86,2023_13,Monday,1,3,2023,,,,,0,0,0,72.3,3.56,297.28,4.58
2023-03-28,d_87,2023_13,Tuesday,2,3,2023,,,,,0,0,0,67.8,3.43,296.33,4.6
2023-03-29,d_88,2023_13,Wednesday,3,3,2023,,,,,0,0,0,70.5,3.54,295.77,4.57
2023-03-30,d_89,2023_13,Thursday,4,3,2023,,,,,0,0,0,73.2,3.5,297.08,4.63
2023-03-31,d_90,2023_13,Friday,5,3,2023,,,,,0,0,0,73.3,3.39,296.61,4.58
2023-04-01,d_91,2023_13,Saturday,6,4,2023,,,,,1,1,0,74.7,3.48,297.06,4.55
2023-04-02,d_92,2023_13,Sunday,7,4,2023,,,,,1,1,0,71.2,3.54,296.75,4.58
2023-04-03,d_93,2023_14,Monday,1,4,2023,,,,,1,1,0,69.9,3.56,296.84,4.6
2023-04-04,d_94,2023_14,Tuesday,2,4,2023,,,,,1,1,0,71.9,3.5,296.82,4.6
2023-04-05,d_95,2023_14,Wednesday,3,4,2023,,,,,1,1,0,64.2,3.64,296.97,4.68
2023-04-06,d_96,2023_14,Thursday,4,4,2023,,,,,1,1,0,65.7,3.6,297.62,4.55
2023-04-07,d_97,2023_14,Friday,5,4,2023,,,,,1,1,0,66.6,3.5,297.12,4.57
2023-04-08,d_98,2023_14,Saturday,6,4,2023,,,,,0,0,0,68.5,3.58,296.11,4.59
2023-04-09,d_99,2023_14,Sunday,7,4,2023,,,,,0,0,0,75.8,3.68,296.94,4.57
2023-04-10,d_100,2023_15,Monday,1,4,2023,,,,,0,0,0,69.5,3.68,297.24,4.54
2023-04-11,d_101,2023_15,Tuesday,2,4,2023,,,,,0,0,0,72.5,3.43,297.28,4.49
2023-04-12,d_102,2023_15,Wednesday,3,4,2023,,,,,0,0,0,81.1,3.46,296.65,4.54
2023-04-13,d_103,2023_15,Thursday,4,4,2023,,,,,0,0,0,73.2,3.65,297.3,4.5
2023-04-14,d_104,2023_15,Friday,5,4,2023,,,,,0,0,0,78.9,3.45,297.23,4.47
2023-04-15,d_105,2023_15,Saturday,6,4,2023,,,,,0,0,0,70.8,3.43,297.9,4.51
2023-04-16,d_106,2023_15,Sunday,7,4,2023,,,,,0,0,0,74.8,3.5,296.59,4.49
2023-04-17,d_107,2023_16,Monday,1,4,2023,,,,,0,0,0,71.3,3.57,296.71,4.57
2023-04-18,d_108,2023_16,Tuesday,2,4,2023,,,,,0,0,0,74.6,3.53,296.8,4.57
2023-04-19,d_109,2023_16,Wednesday,3,4,2023,,,,,0,0,0,80.8,3.49,296.75,4.49
2023-04-20,d_110,2023_16,Thursday,4,4,2023,,,,,0,0,0,68.2,3.49,296.61,4.52
2023-04-21,d_111,2023_16,Friday,5,4,2023,,,,,0,0,0,79.3,3.49,295.87,4.44
2023-04-22,d_112,2023_16,Saturday,6,4,2023,,,,,0,0,0,78.6,3.48,296.82,4.5
2023-04-23,d_113,2023_16,Sunday,7,4,2023,,,,,0,0,0,74.7,3.73,297.16,4.54
2023-04-24,d_114,2023_17,Monday,1,4,2023,,,,,0,0,0,70.7,3.57,296.84,4.56
2023-04-25,d_115,2023_17,Tuesday,2,4,2023,,,,,0,0,0,78.6,3.62,297.83,4.48
2023-04-26,d_116,2023_17,Wednesday,3,4,2023,,,,,0,0,0,75.8,3.51,297.08,4.56
2023-04-27,d_117,2023_17,Thursday,4,4,2023,,,,,0,0,0,79.9,3.53,297.6,4.43
2023-04-28,d_118,2023_17,Friday,5,4,2023,,,,,0,0,0,79.1,3.49,297.21,4.44
2023-04-29,d_119,2023_17,Saturday,6,4,2023,,,,,0,0,0,87.2,3.34,297.45,4.53
2023-04-30,d_120,2023_17,Sunday,7,4,2023,,,,,0,0,0,78.2,3.44,297.25,4.58
2023-05-01,d_121,2023_18,Monday,1,5,2023,,,,,1,1,1,74.6,3.41,297.71,4.52
2023-05-02,d_122,2023_18,Tuesday,2,5,2023,,,,,1,1,1,80.8,3.37,297.2,4.48
2023-05-03,d_123,2023_18,Wednesday,3,5,2023,,,,,1,1,1,81.2,3.45,297.39,4.37
2023-05-04,d_124,2023_18,Thursday,4,5,2023,,,,,1,1,1,87.2,3.66,297.36,4.38
2023-05-05,d_125,2023_18,Friday,5,5,2023,,,,,1,1,1,84.8,3.55,297.12,4.48
2023-05-06,d_126,2023_18,Saturday,6,5,2023,,,,,1,1,1,82.6,3.65,297.41,4.45
2023-05-07,d_127,2023_18,Sunday,7,5,2023,,,,,1,1,1,88.3,3.58,298.16,4.41
2023-05-08,d_128,2023_19,Monday,1,5,2023,,,,,0,0,0,75.3,3.61,297.18,4.47
2023-05-09,d_129,2023_19,Tuesday,2,5,2023,,,,,0,0,0,78.2,3.47,297.47,4.46
2023-05-10,d_130,2023_19,Wednesday,3,5,2023,,,,,0,0,0,77.0,3.59,297.83,4.5
2023-05-11,d_131,2023_19,Thursday,4,5,2023,,,,,0,0,0,79.9,3.6,297.8,4.46
2023-05-12,d_132,2023_19,Friday,5,5,2023,,,,,0,0,0,75.2,3.5,297.36,4.51
2023-05-13,d_133,2023_19,Saturday,6,5,2023,,,,,0,0,0,85.4,3.59,296.42,4.44
2023-05-14,d_134,2023_19,Sunday,7,5,2023,,,,,0,0,0,81.3,3.59,297.6,4.43
2023-05-15,d_135,2023_20,Monday,1,5,2023,,,,,0,0,0,75.2,3.5,296.52,4.49
2023-05-16,d_136,2023_20,Tuesday,2,5,2023,,,,,0,0,0,77.7,3.45,298.02,4.38
2023-05-17,d_137,2023_20,Wednesday,3,5,2023,,,,,0,0,0,84.5,3.44,297.52,4.56
2023-05-18,d_138,2023_20,Thursday,4,5,2023,,,,,0,0,0,87.3,3.54,297.87,4.44
2023-05-19,d_139,2023_20,Friday,5,5,2023,,,,,0,0,0,93.3,3.56,297.12,4.43
2023-05-20,d_140,2023_20,Saturday,6,5,2023,,,,,0,0,0,98.0,3.47,296.88,4.44
2023-05-21,d_141,2023_20,Sunday,7,5,2023,,,,,0,0,0,85.7,3.53,297.62,4.5
2023-05-22,d_142,2023_21,Monday,1,5,2023,,,,,0,0,0,78.8,3.57,297.52,4.44
2023-05-23,d_143,2023_21,Tuesday,2,5,2023,,,,,0,0,0,73.2,3.58,297.36,4.32
2023-05-24,d_144,2023_21,Wednesday,3,5,2023,,,,,0,0,0,85.4,3.65,297.61,4.46
2023-05-25,d_145,2023_21,Thursday,4,5,2023,,,,,0,0,0,80.1,3.62,298.7,4.37
2023-05-26,d_146,2023_21,Friday,5,5,2023,,,,,0,0,0,82.2,3.44,297.94,4.39
2023-05-27,d_147,2023_21,Saturday,6,5,2023,,,,,0,0,0,81.4,3.65,298.05,4.32
2023-05-28,d_148,2023_21,Sunday,7,5,2023,,,,,0,0,0,83.9,3.47,297.98,4.4
2023-05-29,d_149,2023_22,Monday,1,5,2023,,,,,0,0,0,90.0,3.59,298.26,4.34
2023-05-30,d_150,2023_22,Tuesday,2,5,2023,,,,,0,0,0,85.6,3.51,297.61,4.37
2023-05-31,d_151,2023_22,Wednesday,3,5,2023,,,,,0,0,0,84.1,3.47,296.88,4.35
2023-06-01,d_152,2023_22,Thursday,4,6,2023,,,,,1,1,0,79.8,3.36,297.64,4.46
2023-06-02,d_153,2023_22,Friday,5,6,2023,,,,,1,1,0,76.7,3.49,298.06,4.45
2023-06-03,d_154,2023_22,Saturday,6,6,2023,,,,,1,1,0,82.8,3.37,297.37,4.35
2023-06-04,d_155,2023_22,Sunday,7,6,2023,,,,,1,1,0,85.0,3.57,297.7,4.35
2023-06-05,d_156,2023_23,Monday,1,6,2023,,,,,1,1,0,94.2,3.61,297.51,4.32
2023-06-06,d_157,2023_23,Tuesday,2,6,2023,,,,,1,1,0,86.1,3.42,298.41,4.39
2023-06-07,d_158,2023_23,Wednesday,3,6,2023,,,,,1,1,0,90.4,3.51,298.13,4.32
2023-06-08,d_159,2023_23,Thursday,4,6,2023,,,,,0,0,0,83.1,3.42,298.1,4.31
2023-06-09,d_160,2023_23,Friday,5,6,2023,,,,,0,0,0,79.7,3.43,298.11,4.38
2023-06-10,d_161,2023_23,Saturday,6,6,2023,,,,,0,0,0,80.9,3.53,297.87,4.3
2023-06-11,d_162,2023_23,Sunday,7,6,2023,,,,,0,0,0,82.1,3.46,297.98,4.32
2023-06-12,d_163,2023_24,Monday,1,6,2023,,,,,0,0,0,96.5,3.6,297.44,4.24
2023-06-13,d_164,2023_24,Tuesday,2,6,2023,,,,,0,0,0,81.8,3.42,297.06,4.35
2023-06-14,d_165,2023_24,Wednesday,3,6,2023,,,,,0,0,0,90.1,3.54,298.01,4.4
2023-06-15,d_166,2023_24,Thursday,4,6,2023,,,,,0,0,0,81.4,3.46,298.1,4.34
2023-06-16,d_167,2023_24,Friday,5,6,2023,,,,,0,0,0,90.6,3.51,298.47,4.37
2023-06-17,d_168,2023_24,Saturday,6,6,2023,,,,,0,0,0,87.9,3.41,298.63,4.25
2023-06-18,d_169,2023_24,Sunday,7,6,2023,,,,,0,0,0,85.2,3.43,298.65,4.3
2023-06-19,d_170,2023_25,Monday,1,6,2023,,,,,0,0,0,85.8,3.43,297.64,4.24
2023-06-20,d_171,2023_25,Tuesday,2,6,2023,,,,,0,0,0,82.7,3.36,297.92,4.27
2023-06-21,d_172,2023_25,Wednesday,3,6,2023,,,,,0,0,0,88.2,3.48,298.27,4.32
2023-06-22,d_173,2023_25,Thursday,4,6,2023,,,,,0,0,0,83.7,3.47,299.11,4.28
2023-06-23,d_174,2023_25,Friday,5,6,2023,,,,,0,0,0,79.9,3.46,298.71,4.2
2023-06-24,d_175,2023_25,Saturday,6,6,2023,,,,,0,0,0,79.6,3.53,298.58,4.2
2023-06-25,d_176,2023_25,Sunday,7,6,2023,,,,,0,0,0,86.8,3.52,297.99,4.2
2023-06-26,d_177,2023_26,Monday,1,6,2023,,,,,0,0,0,93.8,3.37,297.81,4.29
2023-06-27,d_178,2023_26,Tuesday,2,6,2023,,,,,0,0,0,86.7,3.43,298.5,4.36
2023-06-28,d_179,2023_26,Wednesday,3,6,2023,,,,,0,0,0,85.2,3.34,297.76,4.32
2023-06-29,d_180,2023_26,Thursday,4,6,2023,,,,,0,0,0,87.2,3.39,298.13,4.16
2023-06-30,d_181,2023_26,Friday,5,6,2023,,,,,0,0,0,92.3,3.33,298.19,4.32
2023-07-01,d_182,2023_26,Saturday,6,7,2023,,,,,0,1,0,86.8,3.51,298.9,4.29
2023-07-02,d_183,2023_26,Sunday,7,7,2023,,,,,0,1,0,83.6,3.4,298.13,4.16
2023-07-03,d_184,2023_27,Monday,1,7,2023,,,,,0,1,0,91.1,3.35,297.32,4.22
2023-07-04,d_185,2023_27,Tuesday,2,7,2023,IndependenceDay,National,,,0,1,0,87.6,3.46,298.51,4.29
2023-07-05,d_186,2023_27,Wednesday,3,7,2023,,,,,0,1,0,93.1,3.18,298.05,4.26
2023-07-06,d_187,2023_27,Thursday,4,7,2023,,,,,0,1,0,86.3,3.19,298.37,4.16
2023-07-07,d_188,2023_27,Friday,5,7,2023,,,,,0,1,0,79.1,3.41,298.33,4.25
2023-07-08,d_189,2023_27,Saturday,6,7,2023,,,,,0,0,0,78.3,3.34,298.27,4.11
2023-07-09,d_190,2023_27,Sunday,7,7,2023,,,,,0,0,0,93.3,3.35,298.72,4.21
2023-07-10,d_191,2023_28,Monday,1,7,2023,,,,,0,0,0,93.6,3.22,297.81,4.27
2023-07-11,d_192,2023_28,Tuesday,2,7,2023,,,,,0,0,0,84.0,3.32,298.23,4.21
2023-07-12,d_193,2023_28,Wednesday,3,7,2023,,,,,0,0,0,82.8,3.48,298.73,4.18
2023-07-13,d_194,2023_28,Thursday,4,7,2023,,,,,0,0,0,92.0,3.38,298.23,4.25
2023-07-14,d_195,2023_28,Friday,5,7,2023,,,,,0,0,0,79.0,3.32,297.85,4.25
2023-07-15,d_196,2023_28,Saturday,6,7,2023,,,,,0,0,0,79.9,3.26,298.78,4.27
2023-07-16,d_197,2023_28,Sunday,7,7,2023,,,,,0,0,0,87.5,3.26,298.98,4.24
2023-07-17,d_198,2023_29,Monday,1,7,2023,,,,,0,0,0,82.2,3.12,298.53,4.25
2023-07-18,d_199,2023_29,Tuesday,2,7,2023,,,,,0,0,0,84.0,3.3,297.78,4.23
2023-07-19,d_200,2023_29,Wednesday,3,7,2023,,,,,0,0,0,83.0,3.34,298.86,4.2
2023-07-20,d_201,2023_29,Thursday,4,7,2023,,,,,0,0,0,85.4,3.14,297.94,4.19
2023-07-21,d_202,2023_29,Friday,5,7,2023,,,,,0,0,0,90.6,3.21,298.74,4.17
2023-07-22,d_203,2023_29,Saturday,6,7,2023,,,,,0,0,0,83.8,3.17,298.28,4.12
2023-07-23,d_204,2023_29,Sunday,7,7,2023,,,,,0,0,0,86.4,3.17,298.19,4.13
2023-07-24,d_205,2023_30,Monday,1,7,2023,,,,,0,0,0,72.8,3.25,298.5,4.17
2023-07-25,d_206,2023_30,Tuesday,2,7,2023,,,,,0,0,0,82.6,3.07,298.62,4.19
2023-07-26,d_207,2023_30,Wednesday,3,7,2023,,,,,0,0,0,78.5,3.28,298.45,4.25
2023-07-27,d_208,2023_30,Thursday,4,7,2023,,,,,0,0,0,76.4,3.29,298.96,4.17
2023-07-28,d_209,2023_30,Friday,5,7,2023,,,,,0,0,0,78.0,3.2,298.57,4.22
2023-07-29,d_210,2023_30,Saturday,6,7,2023,,,,,0,0,0,80.5,3.02,299.15,4.22
2023-07-30,d_211,2023_30,Sunday,7,7,2023,,,,,0,0,0,86.5,3.13,298.89,4.16
2023-07-31,d_212,2023_31,Monday,1,7,2023,,,,,0,0,0,75.1,3.3,298.52,4.2
2023-08-01,d_213,2023_31,Tuesday,2,8,2023,,,,,0,1,1,81.7,2.98,298.47,4.15
2023-08-02,d_214,2023_31,Wednesday,3,8,2023,,,,,0,1,1,78.9,3.16,298.18,4.23
2023-08-03,d_215,2023_31,Thursday,4,8,2023,,,,,0,1,1,79.5,3.09,298.97,4.19
2023-08-04,d_216,2023_31,Friday,5,8,2023,,,,,0,1,1,86.0,3.24,298.73,4.1
2023-08-05,d_217,2023_31,Saturday,6,8,2023,,,,,0,1,1,83.4,3.12,297.94,4.17
2023-08-06,d_218,2023_31,Sunday,7,8,2023,,,,,0,1,1,87.2,3.2,298.69,4.24
2023-08-07,d_219,2023_32,Monday,1,8,2023,,,,,0,1,1,79.5,3.21,298.56,4.15
2023-08-08,d_220,2023_32,Tuesday,2,8,2023,,,,,0,0,0,76.6,3.3,299.57,4.18
2023-08-09,d_221,2023_32,Wednesday,3,8,2023,,,,,0,0,0,78.7,3.13,298.28,4.18
2023-08-10,d_222,2023_32,Thursday,4,8,2023,,,,,0,0,0,80.8,3.17,298.4,4.1
2023-08-11,d_223,2023_32,Friday,5,8,2023,,,,,0,0,0,80.2,3.02,299.44,4.18
2023-08-12,d_224,2023_32,Saturday,6,8,2023,,,,,0,0,0,73.7,3.23,299.56,4.08
2023-08-13,d_225,2023_32,Sunday,7,8,2023,,,,,0,0,0,79.3,3.07,298.73,4.12
2023-08-14,d_226,2023_33,Monday,1,8,2023,,,,,0,0,0,79.7,3.08,298.8,4.21
2023-08-15,d_227,2023_33,Tuesday,2,8,2023,,,SummerFestival,Cultural,0,0,0,90.9,3.11,299.31,4.17
2023-08-16,d_228,2023_33,Wednesday,3,8,2023,,,,,0,0,0,87.5,2.98,298.16,4.14
2023-08-17,d_229,2023_33,Thursday,4,8,2023,,,,,0,0,0,73.6,3.12,298.36,4.17
2023-08-18,d_230,2023_33,Friday,5,8,2023,,,,,0,0,0,76.1,3.17,299.01,4.15
2023-08-19,d_231,2023_33,Saturday,6,8,2023,,,,,0,0,0,70.0,3.11,299.76,4.15
2023-08-20,d_232,2023_33,Sunday,7,8,2023,,,,,0,0,0,74.1,2.96,298.98,4.18
2023-08-21,d_233,2023_34,Monday,1,8,2023,,,,,0,0,0,78.4,3.07,299.22,4.11
2023-08-22,d_234,2023_34,Tuesday,2,8,2023,,,,,0,0,0,82.5,3.13,299.65,4.15
2023-08-23,d_235,2023_34,Wednesday,3,8,2023,,,,,0,0,0,72.6,2.92,300.05,4.13
2023-08-24,d_236,2023_34,Thursday,4,8,2023,,,,,0,0,0,72.7,2.98,299.0,4.07
2023-08-25,d_237,2023_34,Friday,5,8,2023,,,,,0,0,0,64.9,3.13,299.24,4.1
2023-08-26,d_238,2023_34,Saturday,6,8,2023,,,,,0,0,0,74.6,3.07,299.99,4.23
2023-08-27,d_239,2023_34,Sunday,7,8,2023,,,,,0,0,0,69.8,3.08,298.68,4.17
2023-08-28,d_240,2023_35,Monday,1,8,2023,,,,,0,0,0,72.2,3.19,299.71,4.09
2023-08-29,d_241,2023_35,Tuesday,2,8,2023,,,,,0,0,0,70.2,3.07,298.91,4.07
2023-08-30,d_242,2023_35,Wednesday,3,8,2023,,,,,0,0,0,73.8,3.08,299.38,4.15
2023-08-31,d_243,2023_35,Thursday,4,8,2023,,,,,0,0,0,65.2,3.24,299.26,4.23
2023-09-01,d_244,2023_35,Friday,5,9,2023,,,,,1,1,1,66.3,3.0,298.99,4.14
2023-09-02,d_245,2023_35,Saturday,6,9,2023,,,,,1,1,1,84.0,2.95,299.0,4.22
2023-09-03,d_246,2023_35,Sunday,7,9,2023,,,,,1,1,1,66.6,3.04,299.52,4.17
2023-09-04,d_247,2023_36,Monday,1,9,2023,,,,,1,1,1,67.3,3.04,299.83,4.18
2023-09-05,d_248,2023_36,Tuesday,2,9,2023,,,,,1,1,1,81.7,2.96,299.39,4.09
2023-09-06,d_249,2023_36,Wednesday,3,9,2023,,,,,1,1,1,86.7,2.91,299.49,4.21
2023-09-07,d_250,2023_36,Thursday,4,9,2023,,,,,1,1,1,66.0,3.17,299.71,4.14
2023-09-08,d_251,2023_36,Friday,5,9,2023,,,,,0,0,0,69.7,3.01,299.11,4.2
2023-09-09,d_252,2023_36,Saturday,6,9,2023,,,,,0,0,0,73.0,2.92,299.81,4.12
2023-09-10,d_253,2023_36,Sunday,7,9,2023,,,,,0,0,0,79.6,3.05,299.86,4.17
2023-09-11,d_254,2023_37,Monday,1,9,2023,,,,,0,0,0,65.7,2.96,300.6,4.18
2023-09-12,d_255,2023_37,Tuesday,2,9,2023,,,,,0,0,0,69.1,2.95,299.42,4.16
2023-09-13,d_256,2023_37,Wednesday,3,9,2023,,,,,0,0,0,73.9,3.01,299.41,4.19
2023-09-14,d_257,2023_37,Thursday,4,9,2023,,,,,0,0,0,71.9,2.85,299.92,4.16
2023-09-15,d_258,2023_37,Friday,5,9,2023,,,,,0,0,0,67.5,2.98,299.95,4.14
2023-09-16,d_259,2023_37,Saturday,6,9,2023,,,,,0,0,0,68.5,3.1,299.43,4.25
2023-09-17,d_260,2023_37,Sunday,7,9,2023,,,,,0,0,0,61.9,2.98,299.5,4.23
2023-09-18,d_261,2023_38,Monday,1,9,2023,,,,,0,0,0,67.3,2.91,299.9,4.14
2023-09-19,d_262,2023_38,Tuesday,2,9,2023,,,,,0,0,0,66.9,2.9,299.37,4.21
2023-09-20,d_263,2023_38,Wednesday,3,9,2023,,,,,0,0,0,69.0,2.9,299.55,4.14
2023-09-21,d_264,2023_38,Thursday,4,9,2023,,,,,0,0,0,64.8,2.91,299.77,4.12
2023-09-22,d_265,2023_38,Friday,5,9,2023,,,,,0,0,0,69.6,2.9,300.15,4.24
2023-09-23,d_266,2023_38,Saturday,6,9,2023,,,,,0,0,0,72.0,3.0,299.53,4.1
2023-09-24,d_267,2023_38,Sunday,7,9,2023,,,,,0,0,0,67.4,2.78,299.05,4.24
2023-09-25,d_268,2023_39,Monday,1,9,2023,,,,,0,0,0,68.1,2.98,299.04,4.18
2023-09-26,d_269,2023_39,Tuesday,2,9,2023,,,,,0,0,0,66.3,2.88,299.32,4.18
2023-09-27,d_270,2023_39,Wednesday,3,9,2023,,,,,0,0,0,65.7,2.94,299.32,4.22
2023-09-28,d_271,2023_39,Thursday,4,9,2023,,,,,0,0,0,61.8,2.81,299.8,4.23
2023-09-29,d_272,2023_39,Friday,5,9,2023,,,,,0,0,0,66.7,3.01,299.4,4.16
2023-09-30,d_273,2023_39,Saturday,6,9,2023,,,,,0,0,0,64.3,3.0,299.61,4.24
2023-10-01,d_274,2023_39,Sunday,7,10,2023,,,,,1,1,1,75.0,2.97,299.6,4.21
2023-10-02,d_275,2023_40,Monday,1,10,2023,,,,,1,1,1,72.1,2.77,299.76,4.15
2023-10-03,d_276,2023_40,Tuesday,2,10,2023,,,,,1,1,1,65.8,2.96,300.48,4.2
2023-10-04,d_277,2023_40,Wednesday,3,10,2023,,,,,1,1,1,59.8,2.92,300.23,4.28
2023-10-05,d_278,2023_40,Thursday,4,10,2023,,,,,1,1,1,57.7,2.76,299.99,4.3
2023-10-06,d_279,2023_40,Friday,5,10,2023,,,,,1,1,1,69.0,2.88,299.82,4.26
2023-10-07,d_280,2023_40,Saturday,6,10,2023,,,,,1,1,1,64.0,2.91,299.85,4.16
2023-10-08,d_281,2023_40,Sunday,7,10,2023,,,,,0,0,0,64.8,2.92,300.17,4.25
2023-10-09,d_282,2023_41,Monday,1,10,2023,,,,,0,0,0,53.4,2.89,300.29,4.27
2023-10-10,d_283,2023_41,Tuesday,2,10,2023,,,,,0,0,0,66.5,2.9,299.71,4.27
2023-10-11,d_284,2023_41,Wednesday,3,10,2023,,,,,0,0,0,63.8,2.99,300.11,4.28
2023-10-12,d_285,2023_41,Thursday,4,10,2023,,,,,0,0,0,55.7,2.97,299.3,4.26
2023-10-13,d_286,2023_41,Friday,5,10,2023,,,,,0,0,0,58.6,2.64,300.21,4.24
2023-10-14,d_287,2023_41,Saturday,6,10,2023,,,,,0,0,0,62.0,2.84,300.45,4.22
2023-10-15,d_288,2023_41,Sunday,7,10,2023,,,,,0,0,0,60.7,2.85,300.05,4.16
2023-10-16,d_289,2023_42,Monday,1,10,2023,,,,,0,0,0,58.6,2.72,300.91,4.27
2023-10-17,d_290,2023_42,Tuesday,2,10,2023,,,,,0,0,0,59.3,2.87,299.85,4.27
2023-10-18,d_291,2023_42,Wednesday,3,10,2023,,,,,0,0,0,58.3,2.96,300.31,4.29
2023-10-19,d_292,2023_42,Thursday,4,10,2023,,,,,0,0,0,60.0,2.77,300.22,4.2
2023-10-20,d_293,2023_42,Friday,5,10,2023,,,,,0,0,0,66.4,2.88,300.22,4.3
2023-10-21,d_294,2023_42,Saturday,6,10,2023,,,,,0,0,0,45.9,2.78,300.23,4.37
2023-10-22,d_295,2023_42,Sunday,7,10,2023,,,,,0,0,0,57.3,2.8,300.33,4.28
2023-10-23,d_296,2023_43,Monday,1,10,2023,,,,,0,0,0,59.1,2.97,300.65,4.28
2023-10-24,d_297,2023_43,Tuesday,2,10,2023,,,,,0,0,0,59.4,2.81,300.88,4.3
2023-10-25,d_298,2023_43,Wednesday,3,10,2023,,,,,0,0,0,55.9,2.89,300.35,4.39
2023-10-26,d_299,2023_43,Thursday,4,10,2023,,,,,0,0,0,48.7,2.7,300.69,4.24
2023-10-27,d_300,2023_43,Friday,5,10,2023,,,,,0,0,0,58.8,3.0,300.1,4.3
2023-10-28,d_301,2023_43,Saturday,6,10,2023,,,,,0,0,0,65.6,2.9,300.71,4.26
2023-10-29,d_302,2023_43,Sunday,7,10,2023,,,,,0,0,0,49.0,2.84,300.11,4.28
2023-10-30,d_303,2023_44,Monday,1,10,2023,,,,,0,0,0,60.8,2.9,300.87,4.3
2023-10-31,d_304,2023_44,Tuesday,2,10,2023,Halloween,National,,,0,0,0,54.6,2.74,301.34,4.38
2023-11-01,d_305,2023_44,Wednesday,3,11,2023,,,,,1,1,1,55.7,2.94,300.42,4.4
2023-11-02,d_306,2023_44,Thursday,4,11,2023,,,,,1,1,1,50.5,2.82,299.61,4.34
2023-11-03,d_307,2023_44,Friday,5,11,2023,,,,,1,1,1,53.9,2.83,300.29,4.3
2023-11-04,d_308,2023_44,Saturday,6,11,2023,,,,,1,1,1,61.8,2.81,301.02,4.45
2023-11-05,d_309,2023_44,Sunday,7,11,2023,,,,,1,1,1,58.0,2.8,300.77,4.31
2023-11-06,d_310,2023_45,Monday,1,11,2023,,,,,1,1,1,63.6,2.91,300.66,4.31
2023-11-07,d_311,2023_45,Tuesday,2,11,2023,,,,,1,1,1,60.6,2.87,300.98,4.25
2023-11-08,d_312,2023_45,Wednesday,3,11,2023,,,,,0,0,0,56.7,2.91,300.79,4.41
2023-11-09,d_313,2023_45,Thursday,4,11,2023,,,,,0,0,0,63.0,2.85,301.1,4.4
2023-11-10,d_314,2023_45,Friday,5,11,2023,,,,,0,0,0,56.3,2.9,301.0,4.47
2023-11-11,d_315,2023_45,Saturday,6,11,2023,,,,,0,0,0,58.0,2.82,301.26,4.29
2023-11-12,d_316,2023_45,Sunday,7,11,2023,,,,,0,0,0,52.2,3.04,300.81,4.43
2023-11-13,d_317,2023_46,Monday,1,11,2023,,,,,0,0,0,53.8,2.73,301.05,4.37
2023-11-14,d_318,2023_46,Tuesday,2,11,2023,,,,,0,0,0,49.8,2.96,300.58,4.41
2023-11-15,d_319,2023_46,Wednesday,3,11,2023,,,,,0,0,0,58.1,2.97,300.48,4.29
2023-11-16,d_320,2023_46,Thursday,4,11,2023,,,,,0,0,0,47.1,2.8,301.42,4.45
2023-11-17,d_321,2023_46,Friday,5,11,2023,,,,,0,0,0,56.7,3.04,300.85,4.42
2023-11-18,d_322,2023_46,Saturday,6,11,2023,,,,,0,0,0,51.7,2.95,301.1,4.38
2023-11-19,d_323,2023_46,Sunday,7,11,2023,,,,,0,0,0,58.3,2.95,300.85,4.42
2023-11-20,d_324,2023_47,Monday,1,11,2023,,,,,0,0,0,56.1,2.87,300.58,4.36
2023-11-21,d_325,2023_47,Tuesday,2,11,2023,,,,,0,0,0,61.3,2.86,300.84,4.37
2023-11-22,d_326,2023_47,Wednesday,3,11,2023,,,,,0,0,0,55.7,2.86,301.42,4.38
2023-11-23,d_327,2023_47,Thursday,4,11,2023,,,,,0,0,0,44.0,2.91,301.09,4.31
2023-11-24,d_328,2023_47,Friday,5,11,2023,BlackFriday,National,,,0,0,0,51.4,2.99,300.2,4.45
2023-11-25,d_329,2023_47,Saturday,6,11,2023,Thanksgiving,National,,,0,0,0,45.8,2.9,300.82,4.48
2023-11-26,d_330,2023_47,Sunday,7,11,2023,,,,,0,0,0,48.9,2.81,301.63,4.39
2023-11-27,d_331,2023_48,Monday,1,11,2023,CyberMonday,National,,,0,0,0,58.9,2.95,300.85,4.44
2023-11-28,d_332,2023_48,Tuesday,2,11,2023,,,,,0,0,0,54.5,2.96,300.24,4.42
2023-11-29,d_333,2023_48,Wednesday,3,11,2023,,,,,0,0,0,47.7,2.95,301.73,4.45
2023-11-30,d_334,2023_48,Thursday,4,11,2023,,,,,0,0,0,46.0,2.96,301.27,4.41
2023-12-01,d_335,2023_48,Friday,5,12,2023,,,,,1,0,1,51.1,2.88,300.98,4.4
2023-12-02,d_336,2023_48,Saturday,6,12,2023,,,,,1,0,1,44.8,2.83,300.88,4.5
2023-12-03,d_337,2023_48,Sunday,7,12,2023,,,,,1,0,1,47.4,2.84,301.48,4.45
2023-12-04,d_338,2023_49,Monday,1,12,2023,,,,,1,0,1,52.2,2.78,300.85,4.56
2023-12-05,d_339,2023_49,Tuesday,2,12,2023,,,,,1,0,1,56.4,2.93,301.54,4.46
2023-12-06,d_340,2023_49,Wednesday,3,12,2023,,,,,1,0,1,53.6,2.91,301.32,4.42
2023-12-07,d_341,2023_49,Thursday,4,12,2023,,,,,1,0,1,39.0,2.88,301.22,4.53
2023-12-08,d_342,2023_49,Friday,5,12,2023,,,,,0,0,0,51.9,2.69,301.2,4.5
2023-12-09,d_343,2023_49,Saturday,6,12,2023,,,,,0,0,0,50.7,2.83,301.09,4.51
2023-12-10,d_344,2023_49,Sunday,7,12,2023,,,,,0,0,0,52.3,3.02,301.59,4.54
2023-12-11,d_345,2023_50,Monday,1,12,2023,,,,,0,0,0,58.3,2.88,300.85,4.45
2023-12-12,d_346,2023_50,Tuesday,2,12,2023,,,,,0,0,0,39.9,2.97,300.56,4.48
2023-12-13,d_347,2023_50,Wednesday,3,12,2023,,,,,0,0,0,47.2,2.83,301.47,4.48
2023-12-14,d_348,2023_50,Thursday,4,12,2023,,,,,0,0,0,53.0,3.06,301.5,4.43
2023-12-15,d_349,2023_50,Friday,5,12,2023,,,,,0,0,0,42.2,2.94,301.46,4.49
2023-12-16,d_350,2023_50,Saturday,6,12,2023,,,,,0,0,0,57.4,2.98,301.45,4.57
2023-12-17,d_351,2023_50,Sunday,7,12,2023,,,,,0,0,0,51.9,3.14,301.17,4.52
2023-12-18,d_352,2023_51,Monday,1,12,2023,,,,,0,0,0,54.2,3.08,301.63,4.44
2023-12-19,d_353,2023_51,Tuesday,2,12,2023,,,,,0,0,0,47.1,2.94,301.32,4.44
2023-12-20,d_354,2023_51,Wednesday,3,12,2023,,,,,0,0,0,54.1,2.92,301.16,4.6
2023-12-21,d_355,2023_51,Thursday,4,12,2023,,,,,0,0,0,55.3,2.95,301.25,4.52
2023-12-22,d_356,2023_51,Friday,5,12,2023,,,,,0,0,0,51.2,3.02,302.2,4.49
2023-12-23,d_357,2023_51,Saturday,6,12,2023,,,,,0,0,0,51.2,2.98,300.71,4.52
2023-12-24,d_358,2023_51,Sunday,7,12,2023,,,,,0,0,0,51.4,2.96,301.63,4.46
2023-12-25,d_359,2023_52,Monday,1,12,2023,Christmas,National,,,0,0,0,45.8,3.11,300.77,4.61
2023-12-26,d_360,2023_52,Tuesday,2,12,2023,,,,,0,0,0,49.4,2.99,301.42,4.52
2023-12-27,d_361,2023_52,Wednesday,3,12,2023,,,,,0,0,0,49.4,3.19,301.31,4.61
2023-12-28,d_362,2023_52,Thursday,4,12,2023,,,,,0,0,0,52.1,3.02,300.66,4.55
2023-12-29,d_363,2023_52,Friday,5,12,2023,,,,,0,0,0,55.2,3.16,301.67,4.62
2023-12-30,d_364,2023_52,Saturday,6,12,2023,,,,,0,0,0,45.0,3.05,301.38,4.57
2023-12-31,d_365,2023_52,Sunday,7,12,2023,NewYearEve,National,,,0,0,0,49.7,3.1,300.71,4.6
2024-01-01,d_366,2024_01,Monday,1,1,2024,NewYear,National,,,1,0,1,57.8,2.97,301.91,4.6
2024-01-02,d_367,2024_01,Tuesday,2,1,2024,,,,,1,0,1,46.8,2.97,302.16,4.6
2024-01-03,d_368,2024_01,Wednesday,3,1,2024,,,,,1,0,1,46.4,3.08,302.2,4.59
2024-01-04,d_369,2024_01,Thursday,4,1,2024,,,,,1,0,1,51.6,3.13,301.77,4.56
2024-01-05,d_370,2024_01,Friday,5,1,2024,,,,,1,0,1,54.9,3.06,301.66,4.67
2024-01-06,d_371,2024_01,Saturday,6,1,2024,,,,,1,0,1,50.8,2.96,302.19,4.53
2024-01-07,d_372,2024_01,Sunday,7,1,2024,,,,,1,0,1,57.5,2.96,302.35,4.58
2024-01-08,d_373,2024_02,Monday,1,1,2024,,,,,0,0,0,55.3,2.96,302.15,4.58
2024-01-09,d_374,2024_02,Tuesday,2,1,2024,,,,,0,0,0,55.3,2.93,301.34,4.61
2024-01-10,d_375,2024_02,Wednesday,3,1,2024,,,,,0,0,0,54.0,3.09,301.81,4.57
2024-01-11,d_376,2024_02,Thursday,4,1,2024,,,,,0,0,0,62.9,3.18,301.93,4.61
2024-01-12,d_377,2024_02,Friday,5,1,2024,,,,,0,0,0,50.4,3.09,301.04,4.59
2024-01-13,d_378,2024_02,Saturday,6,1,2024,,,,,0,0,0,41.5,2.92,301.97,4.52
2024-01-14,d_379,2024_02,Sunday,7,1,2024,,,,,0,0,0,59.7,3.09,302.71,4.6
2024-01-15,d_380,2024_03,Monday,1,1,2024,,,,,0,0,0,49.5,3.1,302.08,4.55
2024-01-16,d_381,2024_03,Tuesday,2,1,2024,,,,,0,0,0,52.5,3.28,302.43,4.52
2024-01-17,d_382,2024_03,Wednesday,3,1,2024,,,,,0,0,0,58.6,3.01,301.93,4.61
2024-01-18,d_383,2024_03,Thursday,4,1,2024,,,,,0,0,0,44.2,3.1,301.85,4.63
2024-01-19,d_384,2024_03,Friday,5,1,2024,,,,,0,0,0,46.1,3.27,302.05,4.64
2024-01-20,d_385,2024_03,Saturday,6,1,2024,,,,,0,0,0,44.5,3.18,301.59,4.64
2024-01-21,d_386,2024_03,Sunday,7,1,2024,,,,,0,0,0,48.7,3.19,301.54,4.52
2024-01-22,d_387,2024_04,Monday,1,1,2024,,,,,0,0,0,55.1,3.16,302.45,4.55
2024-01-23,d_388,2024_04,Tuesday,2,1,2024,,,,,0,0,0,55.7,3.18,302.51,4.72
2024-01-24,d_389,2024_04,Wednesday,3,1,2024,,,,,0,0,0,54.6,3.23,301.59,4.57
2024-01-25,d_390,2024_04,Thursday,4,1,2024,,,,,0,0,0,46.3,3.11,302.39,4.66
2024-01-26,d_391,2024_04,Friday,5,1,2024,,,,,0,0,0,42.0,3.25,301.99,4.59
2024-01-27,d_392,2024_04,Saturday,6,1,2024,,,,,0,0,0,54.0,3.07,302.17,4.63
2024-01-28,d_393,2024_04,Sunday,7,1,2024,,,,,0,0,0,51.6,3.21,302.24,4.6
2024-01-29,d_394,2024_05,Monday,1,1,2024,,,,,0,0,0,56.5,3.21,302.47,4.66
2024-01-30,d_395,2024_05,Tuesday,2,1,2024,,,,,0,0,0,57.9,3.15,302.13,4.64
2024-01-31,d_396,2024_05,Wednesday,3,1,2024,,,,,0,0,0,55.3,3.2,302.67,4.61
2024-02-01,d_397,2024_05,Thursday,4,2,2024,,,,,1,1,1,58.6,3.16,302.25,4.58
2024-02-02,d_398,2024_05,Friday,5,2,2024,,,,,1,1,1,56.1,3.13,302.4,4.65
2024-02-03,d_399,2024_05,Saturday,6,2,2024,,,,,1,1,1,57.8,3.2,301.83,4.58
2024-02-04,d_400,2024_05,Sunday,7,2,2024,,,,,1,1,1,51.9,3.14,303.05,4.66
2024-02-05,d_401,2024_06,Monday,1,2,2024,,,,,1,1,1,54.7,3.26,302.39,4.77
2024-02-06,d_402,2024_06,Tuesday,2,2,2024,,,,,1,1,1,56.9,3.15,302.5,4.71
2024-02-07,d_403,2024_06,Wednesday,3,2,2024,,,,,1,1,1,60.2,3.3,301.59,4.68
2024-02-08,d_404,2024_06,Thursday,4,2,2024,,,,,0,0,0,54.4,3.16,301.92,4.64
2024-02-09,d_405,2024_06,Friday,5,2,2024,,,,,0,0,0,59.2,3.21,302.77,4.55
2024-02-10,d_406,2024_06,Saturday,6,2,2024,,,,,0,0,0,55.5,3.22,302.4,4.58
2024-02-11,d_407,2024_06,Sunday,7,2,2024,,,,,0,0,0,56.5,3.38,301.54,4.71
2024-02-12,d_408,2024_07,Monday,1,2,2024,,,,,0,0,0,61.4,3.3,302.74,4.61
2024-02-13,d_409,2024_07,Tuesday,2,2,2024,,,,,0,0,0,47.6,3.27,302.13,4.61
2024-02-14,d_410,2024_07,Wednesday,3,2,2024,Valentines,National,,,0,0,0,51.3,3.33,302.93,4.64
2024-02-15,d_411,2024_07,Thursday,4,2,2024,,,,,0,0,0,50.7,3.13,302.34,4.6
2024-02-16,d_412,2024_07,Friday,5,2,2024,,,,,0,0,0,46.7,3.3,302.48,4.59
2024-02-17,d_413,2024_07,Saturday,6,2,2024,,,,,0,0,0,55.2,3.47,302.89,4.65
2024-02-18,d_414,2024_07,Sunday,7,2,2024,,,,,0,0,0,62.6,3.32,302.08,4.61
2024-02-19,d_415,2024_08,Monday,1,2,2024,,,,,0,0,0,57.7,3.32,302.05,4.61
2024-02-20,d_416,2024_08,Tuesday,2,2,2024,,,,,0,0,0,60.4,3.37,302.39,4.61
2024-02-21,d_417,2024_08,Wednesday,3,2,2024,,,,,0,0,0,65.1,3.4,302.82,4.68
2024-02-22,d_418,2024_08,Thursday,4,2,2024,,,,,0,0,0,66.6,3.18,301.97,4.64
2024-02-23,d_419,2024_08,Friday,5,2,2024,,,,,0,0,0,59.9,3.21,301.86,4.64
2024-02-24,d_420,2024_08,Saturday,6,2,2024,,,,,0,0,0,67.3,3.36,302.87,4.68
2024-02-25,d_421,2024_08,Sunday,7,2,2024,,,,,0,0,0,61.2,3.29,302.32,4.64
2024-02-26,d_422,2024_09,Monday,1,2,2024,,,,,0,0,0,56.9,3.46,302.42,4.63
2024-02-27,d_423,2024_09,Tuesday,2,2,2024,,,,,0,0,0,58.4,3.34,301.85,4.67
2024-02-28,d_424,2024_09,Wednesday,3,2,2024,,,,,0,0,0,54.2,3.21,302.34,4.68
2024-02-29,d_425,2024_09,Thursday,4,2,2024,,,,,0,0,0,57.5,3.27,302.63,4.64
2024-03-01,d_426,2024_09,Friday,5,3,2024,,,,,1,1,1,60.4,3.16,303.02,4.65
2024-03-02,d_427,2024_09,Saturday,6,3,2024,,,,,1,1,1,66.5,3.36,302.36,4.61
2024-03-03,d_428,2024_09,Sunday,7,3,2024,,,,,1,1,1,71.4,3.37,303.35,4.6
2024-03-04,d_429,2024_10,Monday,1,3,2024,,,,,1,1,1,56.2,3.36,302.43,4.68
2024-03-05,d_430,2024_10,Tuesday,2,3,2024,,,,,1,1,1,65.4,3.48,302.45,4.67
2024-03-06,d_431,2024_10,Wednesday,3,3,2024,,,,,1,1,1,58.5,3.5,303.35,4.66
2024-03-07,d_432,2024_10,Thursday,4,3,2024,,,,,1,1,1,66.4,3.39,302.84,4.65
2024-03-08,d_433,2024_10,Friday,5,3,2024,,,,,0,0,0,63.7,3.24,302.56,4.64
2024-03-09,d_434,2024_10,Saturday,6,3,2024,,,,,0,0,0,55.5,3.47,302.73,4.67
2024-03-10,d_435,2024_10,Sunday,7,3,2024,,,,,0,0,0,69.6,3.47,303.35,4.68
2024-03-11,d_436,2024_11,Monday,1,3,2024,,,,,0,0,0,62.2,3.45,303.42,4.68
2024-03-12,d_437,2024_11,Tuesday,2,3,2024,,,,,0,0,0,62.9,3.51,302.52,4.63
2024-03-13,d_438,2024_11,Wednesday,3,3,2024,,,,,0,0,0,60.5,3.34,302.85,4.7
2024-03-14,d_439,2024_11,Thursday,4,3,2024,,,,,0,0,0,62.9,3.6,302.92,4.64
2024-03-15,d_440,2024_11,Friday,5,3,2024,,,,,0,0,0,68.6,3.37,302.51,4.66
2024-03-16,d_441,2024_11,Saturday,6,3,2024,,,,,0,0,0,65.8,3.51,302.9,4.64
2024-03-17,d_442,2024_11,Sunday,7,3,2024,,,,,0,0,0,68.7,3.32,302.94,4.64
2024-03-18,d_443,2024_12,Monday,1,3,2024,,,,,0,0,0,69.2,3.38,303.41,4.59
2024-03-19,d_444,2024_12,Tuesday,2,3,2024,,,,,0,0,0,74.3,3.58,303.46,4.66
2024-03-20,d_445,2024_12,Wednesday,3,3,2024,,,,,0,0,0,66.3,3.44,302.86,4.76
2024-03-21,d_446,2024_12,Thursday,4,3,2024,,,,,0,0,0,60.9,3.54,302.92,4.6
2024-03-22,d_447,2024_12,Friday,5,3,2024,,,,,0,0,0,74.0,3.49,303.29,4.62
2024-03-23,d_448,2024_12,Saturday,6,3,2024,,,,,0,0,0,67.3,3.47,302.81,4.59
2024-03-24,d_449,2024_12,Sunday,7,3,2024,,,,,0,0,0,74.8,3.59,303.3,4.59
2024-03-25,d_450,2024_13,Monday,1,3,2024,,,,,0,0,0,71.5,3.46,303.05,4.69
2024-03-26,d_451,2024_13,Tuesday,2,3,2024,,,,,0,0,0,69.2,3.34,302.71,4.57
2024-03-27,d_452,2024_13,Wednesday,3,3,2024,,,,,0,0,0,71.9,3.43,302.74,4.58
2024-03-28,d_453,2024_13,Thursday,4,3,2024,,,,,0,0,0,80.2,3.54,303.71,4.52
2024-03-29,d_454,2024_13,Friday,5,3,2024,,,,,0,0,0,81.2,3.53,303.09,4.56
2024-03-30,d_455,2024_13,Saturday,6,3,2024,,,,,0,0,0,71.4,3.38,303.83,4.51
2024-03-31,d_456,2024_13,Sunday,7,3,2024,,,,,0,0,0,72.2,3.45,302.98,4.63
2024-04-01,d_457,2024_14,Monday,1,4,2024,,,,,1,1,0,77.1,3.46,303.32,4.73
2024-04-02,d_458,2024_14,Tuesday,2,4,2024,,,,,1,1,0,67.8,3.48,304.18,4.57
2024-04-03,d_459,2024_14,Wednesday,3,4,2024,,,,,1,1,0,74.0,3.4,302.82,4.5
2024-04-04,d_460,2024_14,Thursday,4,4,2024,,,,,1,1,0,72.5,3.46,302.5,4.63
2024-04-05,d_461,2024_14,Friday,5,4,2024,,,,,1,1,0,74.5,3.46,303.79,4.54
2024-04-06,d_462,2024_14,Saturday,6,4,2024,,,,,1,1,0,69.0,3.58,302.97,4.64
2024-04-07,d_463,2024_14,Sunday,7,4,2024,,,,,1,1,0,65.5,3.59,303.31,4.56
2024-04-08,d_464,2024_15,Monday,1,4,2024,,,,,0,0,0,63.4,3.51,303.1,4.54
2024-04-09,d_465,2024_15,Tuesday,2,4,2024,,,,,0,0,0,68.5,3.5,303.46,4.56
2024-04-10,d_466,2024_15,Wednesday,3,4,2024,,,,,0,0,0,72.1,3.54,302.99,4.6
2024-04-11,d_467,2024_15,Thursday,4,4,2024,,,,,0,0,0,73.2,3.47,303.32,4.55
2024-04-12,d_468,2024_15,Friday,5,4,2024,,,,,0,0,0,84.6,3.44,303.59,4.53
2024-04-13,d_469,2024_15,Saturday,6,4,2024,,,,,0,0,0,80.8,3.46,303.02,4.54
2024-04-14,d_470,2024_15,Sunday,7,4,2024,,,,,0,0,0,70.7,3.49,303.16,4.49
2024-04-15,d_471,2024_16,Monday,1,4,2024,,,,,0,0,0,77.5,3.44,303.32,4.57
2024-04-16,d_472,2024_16,Tuesday,2,4,2024,,,,,0,0,0,74.0,3.55,302.91,4.45
2024-04-17,d_473,2024_16,Wednesday,3,4,2024,,,,,0,0,0,74.9,3.6,303.33,4.52
2024-04-18,d_474,2024_16,Thursday,4,4,2024,,,,,0,0,0,77.5,3.42,303.56,4.57
2024-04-19,d_475,2024_16,Friday,5,4,2024,,,,,0,0,0,80.0,3.55,303.37,4.55
2024-04-20,d_476,2024_16,Saturday,6,4,2024,,,,,0,0,0,75.5,3.53,303.44,4.56
2024-04-21,d_477,2024_16,Sunday,7,4,2024,,,,,0,0,0,82.7,3.57,303.56,4.52
2024-04-22,d_478,2024_17,Monday,1,4,2024,,,,,0,0,0,72.0,3.55,303.32,4.58
2024-04-23,d_479,2024_17,Tuesday,2,4,2024,,,,,0,0,0,78.0,3.43,303.88,4.56
2024-04-24,d_480,2024_17,Wednesday,3,4,2024,,,,,0,0,0,91.2,3.45,304.2,4.54
2024-04-25,d_481,2024_17,Thursday,4,4,2024,,,,,0,0,0,79.6,3.55,303.45,4.56
2024-04-26,d_482,2024_17,Friday,5,4,2024,,,,,0,0,0,85.9,3.63,303.85,4.54
2024-04-27,d_483,2024_17,Saturday,6,4,2024,,,,,0,0,0,79.4,3.37,303.58,4.48
2024-04-28,d_484,2024_17,Sunday,7,4,2024,,,,,0,0,0,82.1,3.58,303.84,4.43
2024-04-29,d_485,2024_18,Monday,1,4,2024,,,,,0,0,0,79.1,3.65,304.34,4.52
2024-04-30,d_486,2024_18,Tuesday,2,4,2024,,,,,0,0,0,78.8,3.54,303.93,4.52
2024-05-01,d_487,2024_18,Wednesday,3,5,2024,,,,,1,1,1,76.0,3.59,303.04,4.54
2024-05-02,d_488,2024_18,Thursday,4,5,2024,,,,,1,1,1,82.3,3.49,303.95,4.44
2024-05-03,d_489,2024_18,Friday,5,5,2024,,,,,1,1,1,76.1,3.54,304.28,4.43
2024-05-04,d_490,2024_18,Saturday,6,5,2024,,,,,1,1,1,83.9,3.42,303.71,4.5
2024-05-05,d_491,2024_18,Sunday,7,5,2024,,,,,1,1,1,86.2,3.36,304.22,4.47
2024-05-06,d_492,2024_19,Monday,1,5,2024,,,,,1,1,1,82.9,3.62,303.56,4.37
2024-05-07,d_493,2024_19,Tuesday,2,5,2024,,,,,1,1,1,79.8,3.47,303.26,4.48
2024-05-08,d_494,2024_19,Wednesday,3,5,2024,,,,,0,0,0,83.7,3.51,303.93,4.37
2024-05-09,d_495,2024_19,Thursday,4,5,2024,,,,,0,0,0,80.1,3.44,303.19,4.41
2024-05-10,d_496,2024_19,Friday,5,5,2024,,,,,0,0,0,86.5,3.43,303.81,4.52
2024-05-11,d_497,2024_19,Saturday,6,5,2024,,,,,0,0,0,72.9,3.53,304.44,4.54
2024-05-12,d_498,2024_19,Sunday,7,5,2024,,,,,0,0,0,80.6,3.48,303.18,4.38
2024-05-13,d_499,2024_20,Monday,1,5,2024,,,,,0,0,0,72.5,3.57,303.45,4.42
2024-05-14,d_500,2024_20,Tuesday,2,5,2024,,,,,0,0,0,75.1,3.58,303.57,4.43
2024-05-15,d_501,2024_20,Wednesday,3,5,2024,,,,,0,0,0,89.6,3.56,303.97,4.52
2024-05-16,d_502,2024_20,Thursday,4,5,2024,,,,,0,0,0,87.4,3.56,303.87,4.4
2024-05-17,d_503,2024_20,Friday,5,5,2024,,,,,0,0,0,79.5,3.66,304.6,4.4
2024-05-18,d_504,2024_20,Saturday,6,5,2024,,,,,0,0,0,75.8,3.45,304.44,4.49
2024-05-19,d_505,2024_20,Sunday,7,5,2024,,,,,0,0,0,68.6,3.53,304.27,4.39
2024-05-20,d_506,2024_21,Monday,1,5,2024,,,,,0,0,0,80.9,3.62,304.15,4.44
2024-05-21,d_507,2024_21,Tuesday,2,5,2024,,,,,0,0,0,95.9,3.63,304.27,4.33
2024-05-22,d_508,2024_21,Wednesday,3,5,2024,,,,,0,0,0,86.1,3.41,303.78,4.39
2024-05-23,d_509,2024_21,Thursday,4,5,2024,,,,,0,0,0,81.3,3.5,304.49,4.31
2024-05-24,d_510,2024_21,Friday,5,5,2024,,,,,0,0,0,86.5,3.63,303.72,4.34
2024-05-25,d_511,2024_21,Saturday,6,5,2024,,,,,0,0,0,76.5,3.56,304.51,4.43
2024-05-26,d_512,2024_21,Sunday,7,5,2024,,,,,0,0,0,83.0,3.53,304.67,4.38
2024-05-27,d_513,2024_22,Monday,1,5,2024,,,,,0,0,0,85.1,3.5,304.3,4.36
2024-05-28,d_514,2024_22,Tuesday,2,5,2024,,,,,0,0,0,84.3,3.48,304.16,4.34
2024-05-29,d_515,2024_22,Wednesday,3,5,2024,,,,,0,0,0,88.8,3.53,304.41,4.36
2024-05-30,d_516,2024_22,Thursday,4,5,2024,,,,,0,0,0,86.6,3.49,303.13,4.38
2024-05-31,d_517,2024_22,Friday,5,5,2024,,,,,0,0,0,88.4,3.5,304.41,4.41
2024-06-01,d_518,2024_22,Saturday,6,6,2024,,,,,1,1,0,81.7,3.51,304.26,4.22
2024-06-02,d_519,2024_22,Sunday,7,6,2024,,,,,1,1,0,89.7,3.44,304.3,4.31
2024-06-03,d_520,2024_23,Monday,1,6,2024,,,,,1,1,0,93.4,3.54,304.62,4.36
2024-06-04,d_521,2024_23,Tuesday,2,6,2024,,,,,1,1,0,80.5,3.72,304.33,4.34
2024-06-05,d_522,2024_23,Wednesday,3,6,2024,,,,,1,1,0,81.0,3.34,303.92,4.36
2024-06-06,d_523,2024_23,Thursday,4,6,2024,,,,,1,1,0,92.2,3.51,304.34,4.35
2024-06-07,d_524,2024_23,Friday,5,6,2024,,,,,1,1,0,84.6,3.42,304.44,4.32
2024-06-08,d_525,2024_23,Saturday,6,6,2024,,,,,0,0,0,92.7,3.52,304.48,4.3
2024-06-09,d_526,2024_23,Sunday,7,6,2024,,,,,0,0,0,83.5,3.48,304.51,4.31
2024-06-10,d_527,2024_24,Monday,1,6,2024,,,,,0,0,0,93.0,3.53,304.88,4.38
2024-06-11,d_528,2024_24,Tuesday,2,6,2024,,,,,0,0,0,86.5,3.56,304.05,4.28
2024-06-12,d_529,2024_24,Wednesday,3,6,2024,,,,,0,0,0,87.1,3.48,304.57,4.31
2024-06-13,d_530,2024_24,Thursday,4,6,2024,,,,,0,0,0,93.7,3.55,305.04,4.32
2024-06-14,d_531,2024_24,Friday,5,6,2024,,,,,0,0,0,84.1,3.26,303.85,4.38
2024-06-15,d_532,2024_24,Saturday,6,6,2024,,,,,0,0,0,81.2,3.57,304.63,4.28
2024-06-16,d_533,2024_24,Sunday,7,6,2024,,,,,0,0,0,83.7,3.47,304.34,4.34
2024-06-17,d_534,2024_25,Monday,1,6,2024,,,,,0,0,0,88.2,3.52,304.45,4.35
2024-06-18,d_535,2024_25,Tuesday,2,6,2024,,,,,0,0,0,78.2,3.34,304.25,4.28
2024-06-19,d_536,2024_25,Wednesday,3,6,2024,,,,,0,0,0,89.2,3.36,304.56,4.27
2024-06-20,d_537,2024_25,Thursday,4,6,2024,,,,,0,0,0,83.3,3.44,305.38,4.26
2024-06-21,d_538,2024_25,Friday,5,6,2024,,,,,0,0,0,91.7,3.42,304.16,4.26
2024-06-22,d_539,2024_25,Saturday,6,6,2024,,,,,0,0,0,74.0,3.44,304.22,4.31
2024-06-23,d_540,2024_25,Sunday,7,6,2024,,,,,0,0,0,82.0,3.5,304.18,4.28
2024-06-24,d_541,2024_26,Monday,1,6,2024,,,,,0,0,0,77.5,3.26,305.41,4.28
2024-06-25,d_542,2024_26,Tuesday,2,6,2024,,,,,0,0,0,81.8,3.48,304.55,4.2
2024-06-26,d_543,2024_26,Wednesday,3,6,2024,,,,,0,0,0,87.1,3.4,304.75,4.21
2024-06-27,d_544,2024_26,Thursday,4,6,2024,,,,,0,0,0,84.9,3.38,304.61,4.36
2024-06-28,d_545,2024_26,Friday,5,6,2024,,,,,0,0,0,84.5,3.27,304.41,4.24
2024-06-29,d_546,2024_26,Saturday,6,6,2024,,,,,0,0,0,85.0,3.42,304.72,4.21
2024-06-30,d_547,2024_26,Sunday,7,6,2024,,,,,0,0,0,86.7,3.18,305.81,4.31
2024-07-01,d_548,2024_27,Monday,1,7,2024,,,,,0,1,0,80.6,3.42,305.4,4.25
2024-07-02,d_549,2024_27,Tuesday,2,7,2024,,,,,0,1,0,89.1,3.25,304.52,4.27
2024-07-03,d_550,2024_27,Wednesday,3,7,2024,,,,,0,1,0,88.8,3.36,305.14,4.23
2024-07-04,d_551,2024_27,Thursday,4,7,2024,IndependenceDay,National,,,0,1,0,87.4,3.35,304.57,4.21
2024-07-05,d_552,2024_27,Friday,5,7,2024,,,,,0,1,0,88.1,3.44,304.21,4.22
2024-07-06,d_553,2024_27,Saturday,6,7,2024,,,,,0,1,0,86.7,3.33,305.34,4.15
2024-07-07,d_554,2024_27,Sunday,7,7,2024,,,,,0,1,0,95.3,3.28,305.42,4.22
2024-07-08,d_555,2024_28,Monday,1,7,2024,,,,,0,0,0,84.6,3.29,305.39,4.23
2024-07-09,d_556,2024_28,Tuesday,2,7,2024,,,,,0,0,0,83.4,3.43,304.8,4.31
2024-07-10,d_557,2024_28,Wednesday,3,7,2024,,,,,0,0,0,81.1,3.36,304.94,4.22
2024-07-11,d_558,2024_28,Thursday,4,7,2024,,,,,0,0,0,79.6,3.29,305.33,4.09
2024-07-12,d_559,2024_28,Friday,5,7,2024,,,,,0,0,0,78.4,3.29,305.2,4.2
2024-07-13,d_560,2024_28,Saturday,6,7,2024,,,,,0,0,0,80.1,3.18,304.9,4.34
2024-07-14,d_561,2024_28,Sunday,7,7,2024,,,,,0,0,0,84.0,3.33,304.43,4.24
2024-07-15,d_562,2024_29,Monday,1,7,2024,,,,,0,0,0,85.9,3.15,305.14,4.16
2024-07-16,d_563,2024_29,Tuesday,2,7,2024,,,,,0,0,0,84.4,3.35,305.55,4.23
2024-07-17,d_564,2024_29,Wednesday,3,7,2024,,,,,0,0,0,80.2,3.29,304.65,4.16
2024-07-18,d_565,2024_29,Thursday,4,7,2024,,,,,0,0,0,88.4,3.47,305.41,4.12
2024-07-19,d_566,2024_29,Friday,5,7,2024,,,,,0,0,0,87.4,3.18,305.3,4.17
2024-07-20,d_567,2024_29,Saturday,6,7,2024,,,,,0,0,0,82.8,3.26,305.49,4.19
2024-07-21,d_568,2024_29,Sunday,7,7,2024,,,,,0,0,0,80.1,3.4,305.55,4.09
2024-07-22,d_569,2024_30,Monday,1,7,2024,,,,,0,0,0,86.0,3.35,304.95,4.12
2024-07-23,d_570,2024_30,Tuesday,2,7,2024,,,,,0,0,0,84.0,3.19,304.6,4.18
2024-07-24,d_571,2024_30,Wednesday,3,7,2024,,,,,0,0,0,75.6,3.26,305.05,4.16
2024-07-25,d_572,2024_30,Thursday,4,7,2024,,,,,0,0,0,82.4,3.23,305.63,4.2
2024-07-26,d_573,2024_30,Friday,5,7,2024,,,,,0,0,0,83.8,3.25,305.08,4.11
2024-07-27,d_574,2024_30,Saturday,6,7,2024,,,,,0,0,0,77.8,3.17,305.04,4.21
2024-07-28,d_575,2024_30,Sunday,7,7,2024,,,,,0,0,0,83.1,3.21,304.6,4.11
2024-07-29,d_576,2024_31,Monday,1,7,2024,,,,,0,0,0,74.7,3.08,306.05,4.25
2024-07-30,d_577,2024_31,Tuesday,2,7,2024,,,,,0,0,0,88.4,3.21,305.7,4.08
2024-07-31,d_578,2024_31,Wednesday,3,7,2024,,,,,0,0,0,87.8,3.23,305.69,4.11
2024-08-01,d_579,2024_31,Thursday,4,8,2024,,,,,0,1,1,80.1,3.17,305.79,4.19
2024-08-02,d_580,2024_31,Friday,5,8,2024,,,,,0,1,1,83.0,3.06,305.65,4.25
2024-08-03,d_581,2024_31,Saturday,6,8,2024,,,,,0,1,1,68.9,3.26,305.34,4.18
2024-08-04,d_582,2024_31,Sunday,7,8,2024,,,,,0,1,1,74.9,3.2,305.39,4.19
2024-08-05,d_583,2024_32,Monday,1,8,2024,,,,,0,1,1,79.0,3.11,305.3,4.16
2024-08-06,d_584,2024_32,Tuesday,2,8,2024,,,,,0,1,1,74.9,3.14,306.55,4.11
2024-08-07,d_585,2024_32,Wednesday,3,8,2024,,,,,0,1,1,83.6,3.04,305.73,4.13
2024-08-08,d_586,2024_32,Thursday,4,8,2024,,,,,0,0,0,89.8,3.07,305.34,4.1
2024-08-09,d_587,2024_32,Friday,5,8,2024,,,,,0,0,0,73.7,3.1,305.73,4.09
2024-08-10,d_588,2024_32,Saturday,6,8,2024,,,,,0,0,0,75.2,3.24,305.16,4.17
2024-08-11,d_589,2024_32,Sunday,7,8,2024,,,,,0,0,0,80.3,3.08,306.19,4.1
2024-08-12,d_590,2024_33,Monday,1,8,2024,,,,,0,0,0,86.9,3.18,305.34,4.17
2024-08-13,d_591,2024_33,Tuesday,2,8,2024,,,,,0,0,0,72.5,3.08,305.82,4.09
2024-08-14,d_592,2024_33,Wednesday,3,8,2024,,,,,0,0,0,79.6,3.13,306.06,4.17
2024-08-15,d_593,2024_33,Thursday,4,8,2024,,,SummerFestival,Cultural,0,0,0,87.2,3.1,305.81,4.13
2024-08-16,d_594,2024_33,Friday,5,8,2024,,,,,0,0,0,69.6,3.17,305.71,4.22
2024-08-17,d_595,2024_33,Saturday,6,8,2024,,,,,0,0,0,71.2,3.05,305.7,4.17
2024-08-18,d_596,2024_33,Sunday,7,8,2024,,,,,0,0,0,75.2,2.97,305.69,4.21
2024-08-19,d_597,2024_34,Monday,1,8,2024,,,,,0,0,0,74.4,2.97,305.5,4.11
2024-08-20,d_598,2024_34,Tuesday,2,8,2024,,,,,0,0,0,80.8,3.04,305.57,4.15
2024-08-21,d_599,2024_34,Wednesday,3,8,2024,,,,,0,0,0,77.7,2.97,306.36,4.1
2024-08-22,d_600,2024_34,Thursday,4,8,2024,,,,,0,0,0,67.4,3.1,305.74,4.13
2024-08-23,d_601,2024_34,Friday,5,8,2024,,,,,0,0,0,78.5,3.03,305.49,4.14
2024-08-24,d_602,2024_34,Saturday,6,8,2024,,,,,0,0,0,72.8,3.25,305.61,4.11
2024-08-25,d_603,2024_34,Sunday,7,8,2024,,,,,0,0,0,81.8,2.91,306.28,4.09
2024-08-26,d_604,2024_35,Monday,1,8,2024,,,,,0,0,0,72.0,3.06,306.12,4.08
2024-08-27,d_605,2024_35,Tuesday,2,8,2024,,,,,0,0,0,71.6,2.95,306.1,4.03
2024-08-28,d_606,2024_35,Wednesday,3,8,2024,,,,,0,0,0,77.2,3.0,305.79,4.1
2024-08-29,d_607,2024_35,Thursday,4,8,2024,,,,,0,0,0,78.1,3.04,306.14,4.18
2024-08-30,d_608,2024_35,Friday,5,8,2024,,,,,0,0,0,76.2,2.84,305.67,4.07
2024-08-31,d_609,2024_35,Saturday,6,8,2024,,,,,0,0,0,65.2,3.04,305.84,4.09
2024-09-01,d_610,2024_35,Sunday,7,9,2024,,,,,1,1,1,76.1,3.17,306.35,4.24
2024-09-02,d_611,2024_36,Monday,1,9,2024,,,,,1,1,1,67.9,2.97,306.33,4.12
2024-09-03,d_612,2024_36,Tuesday,2,9,2024,,,,,1,1,1,74.0,3.03,305.61,4.17
2024-09-04,d_613,2024_36,Wednesday,3,9,2024,,,,,1,1,1,65.4,3.08,305.67,4.19
2024-09-05,d_614,2024_36,Thursday,4,9,2024,,,,,1,1,1,74.4,2.98,306.08,4.19
2024-09-06,d_615,2024_36,Friday,5,9,2024,,,,,1,1,1,67.8,2.94,306.74,4.08
2024-09-07,d_616,2024_36,Saturday,6,9,2024,,,,,1,1,1,65.2,2.8,305.3,4.15
2024-09-08,d_617,2024_36,Sunday,7,9,2024,,,,,0,0,0,74.8,3.03,306.2,4.08
2024-09-09,d_618,2024_37,Monday,1,9,2024,,,,,0,0,0,72.2,2.97,305.56,4.29
2024-09-10,d_619,2024_37,Tuesday,2,9,2024,,,,,0,0,0,67.6,2.89,305.87,4.08
2024-09-11,d_620,2024_37,Wednesday,3,9,2024,,,,,0,0,0,77.6,2.98,306.0,4.11
2024-09-12,d_621,2024_37,Thursday,4,9,2024,,,,,0,0,0,67.8,2.92,305.99,4.12
2024-09-13,d_622,2024_37,Friday,5,9,2024,,,,,0,0,0,69.9,2.92,305.96,4.09
2024-09-14,d_623,2024_37,Saturday,6,9,2024,,,,,0,0,0,70.8,3.0,306.2,4.24
2024-09-15,d_624,2024_37,Sunday,7,9,2024,,,,,0,0,0,66.0,2.84,306.0,4.29
2024-09-16,d_625,2024_38,Monday,1,9,2024,,,,,0,0,0,71.2,3.03,305.65,4.15
2024-09-17,d_626,2024_38,Tuesday,2,9,2024,,,,,0,0,0,65.8,2.83,306.56,4.11
2024-09-18,d_627,2024_38,Wednesday,3,9,2024,,,,,0,0,0,66.1,2.88,306.57,4.07
2024-09-19,d_628,2024_38,Thursday,4,9,2024,,,,,0,0,0,74.7,3.09,306.62,4.17
2024-09-20,d_629,2024_38,Friday,5,9,2024,,,,,0,0,0,62.4,3.02,305.69,4.17
2024-09-21,d_630,2024_38,Saturday,6,9,2024,,,,,0,0,0,55.2,2.93,306.44,4.15
2024-09-22,d_631,2024_38,Sunday,7,9,2024,,,,,0,0,0,75.0,2.85,306.61,4.2
2024-09-23,d_632,2024_39,Monday,1,9,2024,,,,,0,0,0,79.4,2.88,305.95,4.21
2024-09-24,d_633,2024_39,Tuesday,2,9,2024,,,,,0,0,0,64.3,2.92,306.38,4.21
2024-09-25,d_634,2024_39,Wednesday,3,9,2024,,,,,0,0,0,56.3,2.91,306.35,4.18
2024-09-26,d_635,2024_39,Thursday,4,9,2024,,,,,0,0,0,64.2,2.9,307.15,4.14
2024-09-27,d_636,2024_39,Friday,5,9,2024,,,,,0,0,0,64.0,2.9,307.2,4.23
2024-09-28,d_637,2024_39,Saturday,6,9,2024,,,,,0,0,0,64.2,2.88,305.78,4.2
2024-09-29,d_638,2024_39,Sunday,7,9,2024,,,,,0,0,0,59.2,2.78,307.46,4.25
2024-09-30,d_639,2024_40,Monday,1,9,2024,,,,,0,0,0,67.4,2.85,306.12,4.25
2024-10-01,d_640,2024_40,Tuesday,2,10,2024,,,,,1,1,1,66.8,2.97,306.89,4.14
2024-10-02,d_641,2024_40,Wednesday,3,10,2024,,,,,1,1,1,56.4,2.78,306.91,4.14
2024-10-03,d_642,2024_40,Thursday,4,10,2024,,,,,1,1,1,67.1,2.87,306.14,4.18
2024-10-04,d_643,2024_40,Friday,5,10,2024,,,,,1,1,1,73.6,2.82,306.75,4.17
2024-10-05,d_644,2024_40,Saturday,6,10,2024,,,,,1,1,1,63.9,2.89,306.53,4.26
2024-10-06,d_645,2024_40,Sunday,7,10,2024,,,,,1,1,1,61.0,2.85,306.81,4.24
2024-10-07,d_646,2024_41,Monday,1,10,2024,,,,,1,1,1,61.7,3.0,306.7,4.28
2024-10-08,d_647,2024_41,Tuesday,2,10,2024,,,,,0,0,0,65.2,2.92,307.11,4.25
2024-10-09,d_648,2024_41,Wednesday,3,10,2024,,,,,0,0,0,53.2,2.77,306.68,4.24
2024-10-10,d_649,2024_41,Thursday,4,10,2024,,,,,0,0,0,62.4,2.92,306.6,4.3
2024-10-11,d_650,2024_41,Friday,5,10,2024,,,,,0,0,0,59.3,2.81,307.12,4.26
2024-10-12,d_651,2024_41,Saturday,6,10,2024,,,,,0,0,0,70.2,2.82,306.93,4.25
2024-10-13,d_652,2024_41,Sunday,7,10,2024,,,,,0,0,0,59.8,2.89,307.01,4.32
2024-10-14,d_653,2024_42,Monday,1,10,2024,,,,,0,0,0,68.7,2.82,306.47,4.26
2024-10-15,d_654,2024_42,Tuesday,2,10,2024,,,,,0,0,0,54.6,2.93,306.34,4.24
2024-10-16,d_655,2024_42,Wednesday,3,10,2024,,,,,0,0,0,62.8,2.8,306.54,4.22
2024-10-17,d_656,2024_42,Thursday,4,10,2024,,,,,0,0,0,61.2,2.81,306.54,4.3
2024-10-18,d_657,2024_42,Friday,5,10,2024,,,,,0,0,0,54.9,2.8,307.12,4.33
2024-10-19,d_658,2024_42,Saturday,6,10,2024,,,,,0,0,0,59.9,2.81,307.22,4.27
2024-10-20,d_659,2024_42,Sunday,7,10,2024,,,,,0,0,0,64.8,2.94,306.78,4.34
2024-10-21,d_660,2024_43,Monday,1,10,2024,,,,,0,0,0,56.9,2.9,307.43,4.18
2024-10-22,d_661,2024_43,Tuesday,2,10,2024,,,,,0,0,0,49.8,2.99,307.43,4.28
2024-10-23,d_662,2024_43,Wednesday,3,10,2024,,,,,0,0,0,57.9,3.03,307.0,4.28
2024-10-24,d_663,2024_43,Thursday,4,10,2024,,,,,0,0,0,53.2,2.77,306.59,4.25
2024-10-25,d_664,2024_43,Friday,5,10,2024,,,,,0,0,0,55.7,2.86,307.56,4.41
2024-10-26,d_665,2024_43,Saturday,6,10,2024,,,,,0,0,0,56.8,2.76,306.93,4.29
2024-10-27,d_666,2024_43,Sunday,7,10,2024,,,,,0,0,0,48.4,2.79,307.02,4.28
2024-10-28,d_667,2024_44,Monday,1,10,2024,,,,,0,0,0,48.6,2.8,306.85,4.3
2024-10-29,d_668,2024_44,Tuesday,2,10,2024,,,,,0,0,0,58.9,2.77,306.65,4.21
2024-10-30,d_669,2024_44,Wednesday,3,10,2024,,,,,0,0,0,53.6,2.77,306.44,4.27
2024-10-31,d_670,2024_44,Thursday,4,10,2024,Halloween,National,,,0,0,0,43.2,2.84,307.3,4.36
2024-11-01,d_671,2024_44,Friday,5,11,2024,,,,,1,1,1,59.7,2.75,306.75,4.29
2024-11-02,d_672,2024_44,Saturday,6,11,2024,,,,,1,1,1,56.9,2.92,308.3,4.28
2024-11-03,d_673,2024_44,Sunday,7,11,2024,,,,,1,1,1,51.8,2.78,306.66,4.39
2024-11-04,d_674,2024_45,Monday,1,11,2024,,,,,1,1,1,48.5,3.08,306.61,4.4
2024-11-05,d_675,2024_45,Tuesday,2,11,2024,,,,,1,1,1,59.1,2.82,307.34,4.36
2024-11-06,d_676,2024_45,Wednesday,3,11,2024,,,,,1,1,1,56.4,2.86,307.76,4.32
2024-11-07,d_677,2024_45,Thursday,4,11,2024,,,,,1,1,1,66.4,2.75,307.19,4.33
2024-11-08,d_678,2024_45,Friday,5,11,2024,,,,,0,0,0,56.4,2.99,307.41,4.31
2024-11-09,d_679,2024_45,Saturday,6,11,2024,,,,,0,0,0,56.0,2.94,306.47,4.3
2024-11-10,d_680,2024_45,Sunday,7,11,2024,,,,,0,0,0,53.1,2.88,306.95,4.3
2024-11-11,d_681,2024_46,Monday,1,11,2024,,,,,0,0,0,57.8,2.75,306.81,4.33
2024-11-12,d_682,2024_46,Tuesday,2,11,2024,,,,,0,0,0,56.6,2.88,306.5,4.31
2024-11-13,d_683,2024_46,Wednesday,3,11,2024,,,,,0,0,0,59.6,2.77,307.32,4.29
2024-11-14,d_684,2024_46,Thursday,4,11,2024,,,,,0,0,0,50.5,2.98,306.4,4.38
2024-11-15,d_685,2024_46,Friday,5,11,2024,,,,,0,0,0,50.8,2.93,306.78,4.39
2024-11-16,d_686,2024_46,Saturday,6,11,2024,,,,,0,0,0,50.4,2.87,307.12,4.47
2024-11-17,d_687,2024_46,Sunday,7,11,2024,,,,,0,0,0,56.6,2.67,307.02,4.35
2024-11-18,d_688,2024_47,Monday,1,11,2024,,,,,0,0,0,60.0,2.79,307.52,4.41
2024-11-19,d_689,2024_47,Tuesday,2,11,2024,,,,,0,0,0,50.0,2.93,307.51,4.41
2024-11-20,d_690,2024_47,Wednesday,3,11,2024,,,,,0,0,0,50.1,2.97,307.76,4.39
2024-11-21,d_691,2024_47,Thursday,4,11,2024,,,,,0,0,0,53.6,2.96,307.72,4.44
2024-11-22,d_692,2024_47,Friday,5,11,2024,,,,,0,0,0,50.7,2.75,307.89,4.45
2024-11-23,d_693,2024_47,Saturday,6,11,2024,,,,,0,0,0,56.5,2.9,307.46,4.43
2024-11-24,d_694,2024_47,Sunday,7,11,2024,,,,,0,0,0,40.4,2.96,307.6,4.4
2024-11-25,d_695,2024_48,Monday,1,11,2024,Thanksgiving,National,,,0,0,0,47.4,2.75,307.7,4.4
2024-11-26,d_696,2024_48,Tuesday,2,11,2024,,,,,0,0,0,47.5,2.89,307.57,4.36
2024-11-27,d_697,2024_48,Wednesday,3,11,2024,,,,,0,0,0,39.7,2.91,307.37,4.39
2024-11-28,d_698,2024_48,Thursday,4,11,2024,,,,,0,0,0,46.3,2.87,307.41,4.4
2024-11-29,d_699,2024_48,Friday,5,11,2024,BlackFriday,National,,,0,0,0,46.5,2.75,307.24,4.38
2024-11-30,d_700,2024_48,Saturday,6,11,2024,,,,,0,0,0,49.9,2.87,307.75,4.46
2024-12-01,d_701,2024_48,Sunday,7,12,2024,,,,,1,0,1,56.4,2.88,307.56,4.51
2024-12-02,d_702,2024_49,Monday,1,12,2024,CyberMonday,National,,,1,0,1,49.5,2.89,307.35,4.4
2024-12-03,d_703,2024_49,Tuesday,2,12,2024,,,,,1,0,1,45.5,2.86,307.37,4.47
2024-12-04,d_704,2024_49,Wednesday,3,12,2024,,,,,1,0,1,50.3,2.88,307.17,4.41
2024-12-05,d_705,2024_49,Thursday,4,12,2024,,,,,1,0,1,55.8,2.91,308.06,4.45
2024-12-06,d_706,2024_49,Friday,5,12,2024,,,,,1,0,1,45.6,2.95,307.72,4.43
2024-12-07,d_707,2024_49,Saturday,6,12,2024,,,,,1,0,1,45.8,2.9,307.36,4.5
2024-12-08,d_708,2024_49,Sunday,7,12,2024,,,,,0,0,0,53.1,2.89,308.05,4.44
2024-12-09,d_709,2024_50,Monday,1,12,2024,,,,,0,0,0,49.2,2.94,307.52,4.53
2024-12-10,d_710,2024_50,Tuesday,2,12,2024,,,,,0,0,0,53.4,2.78,307.2,4.47
2024-12-11,d_711,2024_50,Wednesday,3,12,2024,,,,,0,0,0,50.1,2.98,308.19,4.45
2024-12-12,d_712,2024_50,Thursday,4,12,2024,,,,,0,0,0,53.6,2.94,307.58,4.43
2024-12-13,d_713,2024_50,Friday,5,12,2024,,,,,0,0,0,44.9,2.95,307.65,4.51
2024-12-14,d_714,2024_50,Saturday,6,12,2024,,,,,0,0,0,50.0,3.03,307.85,4.54
2024-12-15,d_715,2024_50,Sunday,7,12,2024,,,,,0,0,0,49.0,2.8,308.31,4.52
2024-12-16,d_716,2024_51,Monday,1,12,2024,,,,,0,0,0,43.9,2.8,307.88,4.62
2024-12-17,d_717,2024_51,Tuesday,2,12,2024,,,,,0,0,0,42.2,2.98,307.41,4.58
2024-12-18,d_718,2024_51,Wednesday,3,12,2024,,,,,0,0,0,53.4,2.97,308.12,4.5
2024-12-19,d_719,2024_51,Thursday,4,12,2024,,,,,0,0,0,48.2,2.99,307.73,4.5
2024-12-20,d_720,2024_51,Friday,5,12,2024,,,,,0,0,0,44.9,2.94,308.7,4.55
2024-12-21,d_721,2024_51,Saturday,6,12,2024,,,,,0,0,0,49.5,3.03,307.96,4.48
2024-12-22,d_722,2024_51,Sunday,7,12,2024,,,,,0,0,0,55.7,3.06,307.08,4.59
2024-12-23,d_723,2024_52,Monday,1,12,2024,,,,,0,0,0,38.6,3.03,308.14,4.55
2024-12-24,d_724,2024_52,Tuesday,2,12,2024,,,,,0,0,0,42.6,2.97,308.79,4.55
2024-12-25,d_725,2024_52,Wednesday,3,12,2024,Christmas,National,,,0,0,0,45.5,2.83,308.66,4.58
2024-12-26,d_726,2024_52,Thursday,4,12,2024,,,,,0,0,0,57.4,3.07,308.78,4.63
2024-12-27,d_727,2024_52,Friday,5,12,2024,,,,,0,0,0,51.6,3.11,307.66,4.56
2024-12-28,d_728,2024_52,Saturday,6,12,2024,,,,,0,0,0,54.1,3.07,308.45,4.55
2024-12-29,d_729,2024_52,Sunday,7,12,2024,,,,,0,0,0,44.6,2.95,307.82,4.63
2024-12-30,d_730,2025_01,Monday,1,12,2024,,,,,0,0,0,44.7,3.08,308.21,4.61
2024-12-31,d_731,2025_01,Tuesday,2,12,2024,NewYearEve,National,,,0,0,0,52.6,3.1,307.63,4.55
2025-01-01,d_732,2025_01,Wednesday,3,1,2025,NewYear,National,,,1,0,1,50.7,3.16,307.9,4.56
2025-01-02,d_733,2025_01,Thursday,4,1,2025,,,,,1,0,1,53.2,2.97,307.91,4.58
2025-01-03,d_734,2025_01,Friday,5,1,2025,,,,,1,0,1,49.6,3.03,308.55,4.59
2025-01-04,d_735,2025_01,Saturday,6,1,2025,,,,,1,0,1,52.0,3.11,308.53,4.5
2025-01-05,d_736,2025_01,Sunday,7,1,2025,,,,,1,0,1,51.5,3.06,308.34,4.5
2025-01-06,d_737,2025_02,Monday,1,1,2025,,,,,1,0,1,54.7,2.97,307.71,4.53
2025-01-07,d_738,2025_02,Tuesday,2,1,2025,,,,,1,0,1,54.9,3.1,308.14,4.53
2025-01-08,d_739,2025_02,Wednesday,3,1,2025,,,,,0,0,0,42.9,3.12,307.99,4.55
2025-01-09,d_740,2025_02,Thursday,4,1,2025,,,,,0,0,0,39.9,3.08,308.65,4.62
2025-01-10,d_741,2025_02,Friday,5,1,2025,,,,,0,0,0,56.2,3.1,308.79,4.58
2025-01-11,d_742,2025_02,Saturday,6,1,2025,,,,,0,0,0,57.2,3.07,308.76,4.6
2025-01-12,d_743,2025_02,Sunday,7,1,2025,,,,,0,0,0,46.3,3.21,308.05,4.53
2025-01-13,d_744,2025_03,Monday,1,1,2025,,,,,0,0,0,42.3,3.03,307.28,4.57
2025-01-14,d_745,2025_03,Tuesday,2,1,2025,,,,,0,0,0,52.2,3.06,307.69,4.63
2025-01-15,d_746,2025_03,Wednesday,3,1,2025,,,,,0,0,0,56.5,3.11,308.98,4.63
2025-01-16,d_747,2025_03,Thursday,4,1,2025,,,,,0,0,0,60.9,3.19,308.27,4.57
2025-01-17,d_748,2025_03,Friday,5,1,2025,,,,,0,0,0,54.7,3.0,308.15,4.62
2025-01-18,d_749,2025_03,Saturday,6,1,2025,,,,,0,0,0,50.4,3.02,309.12,4.72
2025-01-19,d_750,2025_03,Sunday,7,1,2025,,,,,0,0,0,47.9,2.97,308.99,4.61
2025-01-20,d_751,2025_04,Monday,1,1,2025,,,,,0,0,0,52.6,3.14,308.51,4.58
2025-01-21,d_752,2025_04,Tuesday,2,1,2025,,,,,0,0,0,51.2,3.06,308.4,4.61
2025-01-22,d_753,2025_04,Wednesday,3,1,2025,,,,,0,0,0,47.8,3.12,308.48,4.62
2025-01-23,d_754,2025_04,Thursday,4,1,2025,,,,,0,0,0,63.3,3.21,308.64,4.61
2025-01-24,d_755,2025_04,Friday,5,1,2025,,,,,0,0,0,62.1,3.11,309.21,4.62
2025-01-25,d_756,2025_04,Saturday,6,1,2025,,,,,0,0,0,59.1,3.19,308.76,4.55
2025-01-26,d_757,2025_04,Sunday,7,1,2025,,,,,0,0,0,49.0,3.15,308.9,4.58
2025-01-27,d_758,2025_05,Monday,1,1,2025,,,,,0,0,0,58.0,3.24,309.09,4.62
2025-01-28,d_759,2025_05,Tuesday,2,1,2025,,,,,0,0,0,57.2,3.23,308.18,4.62
2025-01-29,d_760,2025_05,Wednesday,3,1,2025,,,,,0,0,0,56.4,3.14,308.96,4.6
2025-01-30,d_761,2025_05,Thursday,4,1,2025,,,,,0,0,0,60.6,3.19,308.56,4.62
2025-01-31,d_762,2025_05,Friday,5,1,2025,,,,,0,0,0,57.7,3.29,307.69,4.64
2025-02-01,d_763,2025_05,Saturday,6,2,2025,,,,,1,1,1,58.5,3.24,307.86,4.68
2025-02-02,d_764,2025_05,Sunday,7,2,2025,,,,,1,1,1,58.2,3.11,308.33,4.63
2025-02-03,d_765,2025_06,Monday,1,2,2025,,,,,1,1,1,56.9,3.28,308.96,4.66
2025-02-04,d_766,2025_06,Tuesday,2,2,2025,,,,,1,1,1,46.5,3.14,308.82,4.61
2025-02-05,d_767,2025_06,Wednesday,3,2,2025,,,,,1,1,1,56.1,3.35,308.86,4.67
2025-02-06,d_768,2025_06,Thursday,4,2,2025,,,,,1,1,1,53.1,3.32,309.59,4.66
2025-02-07,d_769,2025_06,Friday,5,2,2025,,,,,1,1,1,49.7,3.27,308.32,4.69
2025-02-08,d_770,2025_06,Saturday,6,2,2025,,,,,0,0,0,64.7,3.27,308.83,4.68
2025-02-09,d_771,2025_06,Sunday,7,2,2025,,,,,0,0,0,65.2,3.24,308.98,4.67
2025-02-10,d_772,2025_07,Monday,1,2,2025,,,,,0,0,0,63.6,3.32,308.58,4.64
2025-02-11,d_773,2025_07,Tuesday,2,2,2025,,,,,0,0,0,58.3,3.24,308.91,4.66
2025-02-12,d_774,2025_07,Wednesday,3,2,2025,,,,,0,0,0,64.1,3.3,308.27,4.7
2025-02-13,d_775,2025_07,Thursday,4,2,2025,,,,,0,0,0,57.6,3.35,309.5,4.62
2025-02-14,d_776,2025_07,Friday,5,2,2025,Valentines,National,,,0,0,0,58.8,3.24,308.68,4.62
2025-02-15,d_777,2025_07,Saturday,6,2,2025,,,,,0,0,0,52.6,3.25,309.78,4.66
2025-02-16,d_778,2025_07,Sunday,7,2,2025,,,,,0,0,0,60.3,3.21,308.97,4.67
2025-02-17,d_779,2025_08,Monday,1,2,2025,,,,,0,0,0,58.9,3.22,309.42,4.61
2025-02-18,d_780,2025_08,Tuesday,2,2,2025,,,,,0,0,0,52.3,3.17,309.0,4.65
2025-02-19,d_781,2025_08,Wednesday,3,2,2025,,,,,0,0,0,58.9,3.38,309.03,4.65
2025-02-20,d_782,2025_08,Thursday,4,2,2025,,,,,0,0,0,59.0,3.47,308.82,4.54
2025-02-21,d_783,2025_08,Friday,5,2,2025,,,,,0,0,0,68.6,3.44,309.12,4.64
2025-02-22,d_784,2025_08,Saturday,6,2,2025,,,,,0,0,0,64.4,3.2,309.22,4.64
2025-02-23,d_785,2025_08,Sunday,7,2,2025,,,,,0,0,0,60.3,3.4,308.8,4.64
2025-02-24,d_786,2025_09,Monday,1,2,2025,,,,,0,0,0,61.7,3.46,309.08,4.72
2025-02-25,d_787,2025_09,Tuesday,2,2,2025,,,,,0,0,0,61.0,3.31,308.9,4.59
2025-02-26,d_788,2025_09,Wednesday,3,2,2025,,,,,0,0,0,60.0,3.36,310.09,4.61
2025-02-27,d_789,2025_09,Thursday,4,2,2025,,,,,0,0,0,55.9,3.2,309.15,4.52
2025-02-28,d_790,2025_09,Friday,5,2,2025,,,,,0,0,0,60.9,3.39,309.82,4.62
2025-03-01,d_791,2025_09,Saturday,6,3,2025,,,,,1,1,1,58.2,3.29,309.14,4.63
2025-03-02,d_792,2025_09,Sunday,7,3,2025,,,,,1,1,1,56.0,3.39,309.34,4.62
2025-03-03,d_793,2025_10,Monday,1,3,2025,,,,,1,1,1,65.1,3.26,308.73,4.7
2025-03-04,d_794,2025_10,Tuesday,2,3,2025,,,,,1,1,1,64.8,3.43,309.1,4.69
2025-03-05,d_795,2025_10,Wednesday,3,3,2025,,,,,1,1,1,54.2,3.48,309.38,4.65
2025-03-06,d_796,2025_10,Thursday,4,3,2025,,,,,1,1,1,62.8,3.34,309.94,4.62
2025-03-07,d_797,2025_10,Friday,5,3,2025,,,,,1,1,1,68.7,3.31,309.42,4.69
2025-03-08,d_798,2025_10,Saturday,6,3,2025,,,,,0,0,0,69.3,3.24,309.9,4.64
2025-03-09,d_799,2025_10,Sunday,7,3,2025,,,,,0,0,0,69.4,3.39,309.62,4.6
2025-03-10,d_800,2025_11,Monday,1,3,2025,,,,,0,0,0,64.8,3.37,310.03,4.55
2025-03-11,d_801,2025_11,Tuesday,2,3,2025,,,,,0,0,0,60.7,3.3,309.38,4.62
2025-03-12,d_802,2025_11,Wednesday,3,3,2025,,,,,0,0,0,59.8,3.46,310.37,4.67
2025-03-13,d_803,2025_11,Thursday,4,3,2025,,,,,0,0,0,67.3,3.4,309.24,4.75
2025-03-14,d_804,2025_11,Friday,5,3,2025,,,,,0,0,0,67.7,3.35,309.15,4.64
2025-03-15,d_805,2025_11,Saturday,6,3,2025,,,,,0,0,0,72.6,3.4,308.99,4.59
2025-03-16,d_806,2025_11,Sunday,7,3,2025,,,,,0,0,0,72.0,3.53,310.42,4.57
2025-03-17,d_807,2025_12,Monday,1,3,2025,,,,,0,0,0,66.1,3.5,309.84,4.66
2025-03-18,d_808,2025_12,Tuesday,2,3,2025,,,,,0,0,0,60.9,3.44,309.39,4.54
2025-03-19,d_809,2025_12,Wednesday,3,3,2025,,,,,0,0,0,65.8,3.51,310.04,4.65
2025-03-20,d_810,2025_12,Thursday,4,3,2025,,,,,0,0,0,68.8,3.37,309.84,4.66
2025-03-21,d_811,2025_12,Friday,5,3,2025,,,,,0,0,0,67.0,3.47,310.37,4.64
2025-03-22,d_812,2025_12,Saturday,6,3,2025,,,,,0,0,0,65.4,3.48,308.98,4.61
2025-03-23,d_813,2025_12,Sunday,7,3,2025,,,,,0,0,0,69.9,3.44,309.51,4.64
2025-03-24,d_814,2025_13,Monday,1,3,2025,,,,,0,0,0,66.4,3.51,309.45,4.62
2025-03-25,d_815,2025_13,Tuesday,2,3,2025,,,,,0,0,0,66.1,3.42,308.86,4.57
2025-03-26,d_816,2025_13,Wednesday,3,3,2025,,,,,0,0,0,71.1,3.52,310.09,4.7
2025-03-27,d_817,2025_13,Thursday,4,3,2025,,,,,0,0,0,67.8,3.53,309.58,4.59
2025-03-28,d_818,2025_13,Friday,5,3,2025,,,,,0,0,0,71.4,3.26,310.0,4.64
2025-03-29,d_819,2025_13,Saturday,6,3,2025,,,,,0,0,0,71.8,3.59,310.67,4.48
2025-03-30,d_820,2025_13,Sunday,7,3,2025,,,,,0,0,0,65.1,3.25,309.6,4.66
2025-03-31,d_821,2025_14,Monday,1,3,2025,,,,,0,0,0,68.7,3.45,309.59,4.67
2025-04-01,d_822,2025_14,Tuesday,2,4,2025,,,,,1,1,0,78.6,3.59,309.83,4.6
2025-04-02,d_823,2025_14,Wednesday,3,4,2025,,,,,1,1,0,65.9,3.48,310.19,4.62
2025-04-03,d_824,2025_14,Thursday,4,4,2025,,,,,1,1,0,61.4,3.39,309.59,4.62
2025-04-04,d_825,2025_14,Friday,5,4,2025,,,,,1,1,0,63.0,3.42,309.58,4.55
2025-04-05,d_826,2025_14,Saturday,6,4,2025,,,,,1,1,0,72.7,3.6,310.27,4.61
2025-04-06,d_827,2025_14,Sunday,7,4,2025,,,,,1,1,0,73.0,3.36,310.02,4.54
2025-04-07,d_828,2025_15,Monday,1,4,2025,,,,,1,1,0,72.6,3.61,309.07,4.55
2025-04-08,d_829,2025_15,Tuesday,2,4,2025,,,,,0,0,0,79.6,3.52,309.41,4.63
2025-04-09,d_830,2025_15,Wednesday,3,4,2025,,,,,0,0,0,60.4,3.43,310.52,4.62
2025-04-10,d_831,2025_15,Thursday,4,4,2025,,,,,0,0,0,76.1,3.48,310.1,4.53
2025-04-11,d_832,2025_15,Friday,5,4,2025,,,,,0,0,0,82.2,3.45,309.65,4.53
2025-04-12,d_833,2025_15,Saturday,6,4,2025,,,,,0,0,0,69.0,3.6,309.91,4.53
2025-04-13,d_834,2025_15,Sunday,7,4,2025,,,,,0,0,0,73.0,3.59,310.0,4.59
2025-04-14,d_835,2025_16,Monday,1,4,2025,,,,,0,0,0,71.5,3.4,310.31,4.5
2025-04-15,d_836,2025_16,Tuesday,2,4,2025,,,,,0,0,0,71.0,3.5,309.49,4.57
2025-04-16,d_837,2025_16,Wednesday,3,4,2025,,,,,0,0,0,74.2,3.47,309.71,4.58
2025-04-17,d_838,2025_16,Thursday,4,4,2025,,,,,0,0,0,83.2,3.64,310.18,4.54
2025-04-18,d_839,2025_16,Friday,5,4,2025,,,,,0,0,0,85.5,3.43,310.04,4.59
2025-04-19,d_840,2025_16,Saturday,6,4,2025,,,,,0,0,0,74.9,3.67,310.33,4.52
2025-04-20,d_841,2025_16,Sunday,7,4,2025,,,,,0,0,0,86.4,3.54,309.63,4.52
2025-04-21,d_842,2025_17,Monday,1,4,2025,,,,,0,0,0,77.3,3.45,310.28,4.48
2025-04-22,d_843,2025_17,Tuesday,2,4,2025,,,,,0,0,0,86.2,3.49,310.59,4.58
2025-04-23,d_844,2025_17,Wednesday,3,4,2025,,,,,0,0,0,77.2,3.48,310.37,4.48
2025-04-24,d_845,2025_17,Thursday,4,4,2025,,,,,0,0,0,78.6,3.45,310.25,4.54
2025-04-25,d_846,2025_17,Friday,5,4,2025,,,,,0,0,0,80.0,3.56,310.17,4.51
2025-04-26,d_847,2025_17,Saturday,6,4,2025,,,,,0,0,0,94.3,3.45,309.89,4.46
2025-04-27,d_848,2025_17,Sunday,7,4,2025,,,,,0,0,0,83.0,3.37,310.22,4.48
2025-04-28,d_849,2025_18,Monday,1,4,2025,,,,,0,0,0,75.4,3.52,310.77,4.57
2025-04-29,d_850,2025_18,Tuesday,2,4,2025,,,,,0,0,0,84.0,3.41,310.23,4.51
2025-04-30,d_851,2025_18,Wednesday,3,4,2025,,,,,0,0,0,77.6,3.49,309.94,4.44
2025-05-01,d_852,2025_18,Thursday,4,5,2025,,,,,1,1,1,77.2,3.48,310.12,4.51
2025-05-02,d_853,2025_18,Friday,5,5,2025,,,,,1,1,1,84.4,3.48,310.42,4.48
2025-05-03,d_854,2025_18,Saturday,6,5,2025,,,,,1,1,1,80.3,3.71,310.2,4.66
2025-05-04,d_855,2025_18,Sunday,7,5,2025,,,,,1,1,1,81.8,3.55,310.57,4.49
2025-05-05,d_856,2025_19,Monday,1,5,2025,,,,,1,1,1,80.7,3.57,310.6,4.46
2025-05-06,d_857,2025_19,Tuesday,2,5,2025,,,,,1,1,1,82.5,3.41,310.76,4.54
2025-05-07,d_858,2025_19,Wednesday,3,5,2025,,,,,1,1,1,83.1,3.5,311.0,4.37
2025-05-08,d_859,2025_19,Thursday,4,5,2025,,,,,0,0,0,71.5,3.56,310.84,4.47
2025-05-09,d_860,2025_19,Friday,5,5,2025,,,,,0,0,0,84.8,3.46,310.09,4.56
2025-05-10,d_861,2025_19,Saturday,6,5,2025,,,,,0,0,0,76.7,3.62,310.12,4.45
2025-05-11,d_862,2025_19,Sunday,7,5,2025,,,,,0,0,0,74.6,3.45,310.47,4.36
2025-05-12,d_863,2025_20,Monday,1,5,2025,,,,,0,0,0,81.7,3.52,310.34,4.43
2025-05-13,d_864,2025_20,Tuesday,2,5,2025,,,,,0,0,0,82.7,3.5,310.08,4.51
2025-05-14,d_865,2025_20,Wednesday,3,5,2025,,,,,0,0,0,79.0,3.55,310.38,4.46
2025-05-15,d_866,2025_20,Thursday,4,5,2025,,,,,0,0,0,86.8,3.49,310.38,4.39
2025-05-16,d_867,2025_20,Friday,5,5,2025,,,,,0,0,0,76.1,3.52,310.32,4.39
2025-05-17,d_868,2025_20,Saturday,6,5,2025,,,,,0,0,0,80.9,3.52,310.48,4.4
2025-05-18,d_869,2025_20,Sunday,7,5,2025,,,,,0,0,0,80.2,3.48,311.1,4.44
2025-05-19,d_870,2025_21,Monday,1,5,2025,,,,,0,0,0,83.1,3.57,310.72,4.48
2025-05-20,d_871,2025_21,Tuesday,2,5,2025,,,,,0,0,0,84.8,3.55,311.65,4.46
2025-05-21,d_872,2025_21,Wednesday,3,5,2025,,,,,0,0,0,78.6,3.52,310.75,4.43
2025-05-22,d_873,2025_21,Thursday,4,5,2025,,,,,0,0,0,87.4,3.49,310.58,4.34
2025-05-23,d_874,2025_21,Friday,5,5,2025,,,,,0,0,0,84.2,3.59,310.72,4.33
2025-05-24,d_875,2025_21,Saturday,6,5,2025,,,,,0,0,0,74.6,3.5,310.83,4.42
2025-05-25,d_876,2025_21,Sunday,7,5,2025,,,,,0,0,0,74.4,3.5,310.92,4.32
2025-05-26,d_877,2025_22,Monday,1,5,2025,,,,,0,0,0,84.3,3.53,311.6,4.37
2025-05-27,d_878,2025_22,Tuesday,2,5,2025,,,,,0,0,0,83.3,3.65,310.45,4.4
2025-05-28,d_879,2025_22,Wednesday,3,5,2025,,,,,0,0,0,84.1,3.41,311.15,4.32
2025-05-29,d_880,2025_22,Thursday,4,5,2025,,,,,0,0,0,84.6,3.57,310.91,4.32
2025-05-30,d_881,2025_22,Friday,5,5,2025,,,,,0,0,0,85.9,3.36,310.21,4.36
2025-05-31,d_882,2025_22,Saturday,6,5,2025,,,,,0,0,0,89.7,3.52,311.17,4.39
2025-06-01,d_883,2025_22,Sunday,7,6,2025,,,,,1,1,0,79.5,3.63,311.38,4.41
2025-06-02,d_884,2025_23,Monday,1,6,2025,,,,,1,1,0,79.3,3.54,310.55,4.39
2025-06-03,d_885,2025_23,Tuesday,2,6,2025,,,,,1,1,0,79.7,3.51,310.91,4.36
2025-06-04,d_886,2025_23,Wednesday,3,6,2025,,,,,1,1,0,86.7,3.45,310.24,4.31
2025-06-05,d_887,2025_23,Thursday,4,6,2025,,,,,1,1,0,91.6,3.49,310.44,4.29
2025-06-06,d_888,2025_23,Friday,5,6,2025,,,,,1,1,0,83.3,3.47,311.39,4.31
2025-06-07,d_889,2025_23,Saturday,6,6,2025,,,,,1,1,0,73.0,3.42,310.8,4.36
2025-06-08,d_890,2025_23,Sunday,7,6,2025,,,,,0,0,0,77.1,3.46,310.56,4.35
2025-06-09,d_891,2025_24,Monday,1,6,2025,,,,,0,0,0,81.5,3.49,311.11,4.22
2025-06-10,d_892,2025_24,Tuesday,2,6,2025,,,,,0,0,0,82.9,3.41,310.83,4.28
2025-06-11,d_893,2025_24,Wednesday,3,6,2025,,,,,0,0,0,83.7,3.4,310.87,4.38
2025-06-12,d_894,2025_24,Thursday,4,6,2025,,,,,0,0,0,86.0,3.35,311.37,4.32
2025-06-13,d_895,2025_24,Friday,5,6,2025,,,,,0,0,0,84.3,3.49,310.63,4.24
2025-06-14,d_896,2025_24,Saturday,6,6,2025,,,,,0,0,0,91.1,3.5,310.75,4.42
2025-06-15,d_897,2025_24,Sunday,7,6,2025,,,,,0,0,0,82.5,3.47,311.19,4.3
2025-06-16,d_898,2025_25,Monday,1,6,2025,,,,,0,0,0,81.6,3.52,311.53,4.32
2025-06-17,d_899,2025_25,Tuesday,2,6,2025,,,,,0,0,0,88.4,3.45,311.66,4.31
2025-06-18,d_900,2025_25,Wednesday,3,6,2025,,,,,0,0,0,78.3,3.47,310.92,4.27
2025-06-19,d_901,2025_25,Thursday,4,6,2025,,,,,0,0,0,87.9,3.46,311.57,4.25
2025-06-20,d_902,2025_25,Friday,5,6,2025,,,,,0,0,0,86.5,3.42,310.9,4.39
2025-06-21,d_903,2025_25,Saturday,6,6,2025,,,,,0,0,0,85.3,3.38,311.97,4.33
2025-06-22,d_904,2025_25,Sunday,7,6,2025,,,,,0,0,0,93.9,3.6,310.8,4.32
2025-06-23,d_905,2025_26,Monday,1,6,2025,,,,,0,0,0,82.9,3.38,311.8,4.3
2025-06-24,d_906,2025_26,Tuesday,2,6,2025,,,,,0,0,0,96.3,3.36,311.03,4.22
2025-06-25,d_907,2025_26,Wednesday,3,6,2025,,,,,0,0,0,84.8,3.44,312.11,4.33
2025-06-26,d_908,2025_26,Thursday,4,6,2025,,,,,0,0,0,79.5,3.42,311.56,4.22
2025-06-27,d_909,2025_26,Friday,5,6,2025,,,,,0,0,0,86.2,3.28,310.94,4.27
2025-06-28,d_910,2025_26,Saturday,6,6,2025,,,,,0,0,0,80.5,3.48,311.15,4.17
2025-06-29,d_911,2025_26,Sunday,7,6,2025,,,,,0,0,0,82.0,3.38,311.69,4.15
2025-06-30,d_912,2025_27,Monday,1,6,2025,,,,,0,0,0,87.7,3.29,311.82,4.26
2025-07-01,d_913,2025_27,Tuesday,2,7,2025,,,,,0,1,0,88.5,3.47,311.39,4.2
2025-07-02,d_914,2025_27,Wednesday,3,7,2025,,,,,0,1,0,82.5,3.42,311.45,4.14
2025-07-03,d_915,2025_27,Thursday,4,7,2025,,,,,0,1,0,90.5,3.26,311.76,4.26
2025-07-04,d_916,2025_27,Friday,5,7,2025,IndependenceDay,National,,,0,1,0,91.3,3.5,311.52,4.34
2025-07-05,d_917,2025_27,Saturday,6,7,2025,,,,,0,1,0,92.6,3.41,310.97,4.3
2025-07-06,d_918,2025_27,Sunday,7,7,2025,,,,,0,1,0,88.0,3.35,311.18,4.21
2025-07-07,d_919,2025_28,Monday,1,7,2025,,,,,0,1,0,92.1,3.47,311.62,4.22
2025-07-08,d_920,2025_28,Tuesday,2,7,2025,,,,,0,0,0,75.8,3.35,312.03,4.27
2025-07-09,d_921,2025_28,Wednesday,3,7,2025,,,,,0,0,0,83.5,3.33,312.21,4.27
2025-07-10,d_922,2025_28,Thursday,4,7,2025,,,,,0,0,0,80.6,3.27,311.89,4.2
2025-07-11,d_923,2025_28,Friday,5,7,2025,,,,,0,0,0,85.5,3.37,311.71,4.21
2025-07-12,d_924,2025_28,Saturday,6,7,2025,,,,,0,0,0,81.9,3.35,311.91,4.22
2025-07-13,d_925,2025_28,Sunday,7,7,2025,,,,,0,0,0,83.8,3.31,311.37,4.23
2025-07-14,d_926,2025_29,Monday,1,7,2025,,,,,0,0,0,93.9,3.24,311.59,4.2
2025-07-15,d_927,2025_29,Tuesday,2,7,2025,,,,,0,0,0,83.6,3.31,311.34,4.2
2025-07-16,d_928,2025_29,Wednesday,3,7,2025,,,,,0,0,0,86.3,3.29,311.19,4.27
2025-07-17,d_929,2025_29,Thursday,4,7,2025,,,,,0,0,0,83.0,3.18,311.84,4.26
2025-07-18,d_930,2025_29,Friday,5,7,2025,,,,,0,0,0,84.4,3.16,311.8,4.22
2025-07-19,d_931,2025_29,Saturday,6,7,2025,,,,,0,0,0,83.9,3.32,312.02,4.28
2025-07-20,d_932,2025_29,Sunday,7,7,2025,,,,,0,0,0,85.9,3.06,311.98,4.17
2025-07-21,d_933,2025_30,Monday,1,7,2025,,,,,0,0,0,89.4,3.28,311.87,4.27
2025-07-22,d_934,2025_30,Tuesday,2,7,2025,,,,,0,0,0,91.6,3.22,312.02,4.21
2025-07-23,d_935,2025_30,Wednesday,3,7,2025,,,,,0,0,0,84.8,3.36,311.79,4.35
2025-07-24,d_936,2025_30,Thursday,4,7,2025,,,,,0,0,0,86.0,3.21,312.0,4.12
2025-07-25,d_937,2025_30,Friday,5,7,2025,,,,,0,0,0,77.1,3.29,311.56,4.14
2025-07-26,d_938,2025_30,Saturday,6,7,2025,,,,,0,0,0,82.3,3.2,312.01,4.2
2025-07-27,d_939,2025_30,Sunday,7,7,2025,,,,,0,0,0,87.2,3.24,312.15,4.19
2025-07-28,d_940,2025_31,Monday,1,7,2025,,,,,0,0,0,86.7,3.28,311.63,4.27
2025-07-29,d_941,2025_31,Tuesday,2,7,2025,,,,,0,0,0,83.2,3.18,311.94,4.14
2025-07-30,d_942,2025_31,Wednesday,3,7,2025,,,,,0,0,0,86.4,3.29,311.69,4.21
2025-07-31,d_943,2025_31,Thursday,4,7,2025,,,,,0,0,0,84.2,3.12,311.75,4.23
2025-08-01,d_944,2025_31,Friday,5,8,2025,,,,,0,1,1,87.6,3.22,311.52,4.2
2025-08-02,d_945,2025_31,Saturday,6,8,2025,,,,,0,1,1,82.8,3.27,312.5,4.12
2025-08-03,d_946,2025_31,Sunday,7,8,2025,,,,,0,1,1,79.4,3.24,312.44,4.23
2025-08-04,d_947,2025_32,Monday,1,8,2025,,,,,0,1,1,82.6,3.33,312.24,4.22
2025-08-05,d_948,2025_32,Tuesday,2,8,2025,,,,,0,1,1,66.1,3.11,312.83,4.19
2025-08-06,d_949,2025_32,Wednesday,3,8,2025,,,,,0,1,1,82.4,3.06,311.99,4.17
2025-08-07,d_950,2025_32,Thursday,4,8,2025,,,,,0,1,1,62.0,3.08,313.29,4.17
2025-08-08,d_951,2025_32,Friday,5,8,2025,,,,,0,0,0,71.4,3.21,312.01,4.15
2025-08-09,d_952,2025_32,Saturday,6,8,2025,,,,,0,0,0,82.1,3.19,312.22,4.19
2025-08-10,d_953,2025_32,Sunday,7,8,2025,,,,,0,0,0,82.0,3.15,311.98,4.16
2025-08-11,d_954,2025_33,Monday,1,8,2025,,,,,0,0,0,73.5,3.05,312.3,4.11
2025-08-12,d_955,2025_33,Tuesday,2,8,2025,,,,,0,0,0,75.5,3.19,312.51,4.1
2025-08-13,d_956,2025_33,Wednesday,3,8,2025,,,,,0,0,0,85.7,3.03,312.14,4.12
2025-08-14,d_957,2025_33,Thursday,4,8,2025,,,,,0,0,0,76.2,3.21,312.92,4.16
2025-08-15,d_958,2025_33,Friday,5,8,2025,,,SummerFestival,Cultural,0,0,0,89.6,3.34,312.32,4.15
2025-08-16,d_959,2025_33,Saturday,6,8,2025,,,,,0,0,0,78.1,3.14,312.35,4.16
2025-08-17,d_960,2025_33,Sunday,7,8,2025,,,,,0,0,0,79.9,3.15,311.9,4.18
2025-08-18,d_961,2025_34,Monday,1,8,2025,,,,,0,0,0,85.7,3.06,312.45,4.12
2025-08-19,d_962,2025_34,Tuesday,2,8,2025,,,,,0,0,0,78.0,2.95,312.24,4.22
2025-08-20,d_963,2025_34,Wednesday,3,8,2025,,,,,0,0,0,72.0,3.04,312.07,4.14
2025-08-21,d_964,2025_34,Thursday,4,8,2025,,,,,0,0,0,76.2,2.99,312.02,4.13
2025-08-22,d_965,2025_34,Friday,5,8,2025,,,,,0,0,0,76.3,2.96,313.42,4.17
2025-08-23,d_966,2025_34,Saturday,6,8,2025,,,,,0,0,0,69.4,3.21,312.26,4.06
2025-08-24,d_967,2025_34,Sunday,7,8,2025,,,,,0,0,0,74.7,3.08,311.81,4.11
2025-08-25,d_968,2025_35,Monday,1,8,2025,,,,,0,0,0,72.0,3.09,312.13,4.2
2025-08-26,d_969,2025_35,Tuesday,2,8,2025,,,,,0,0,0,80.0,3.03,312.4,4.06
2025-08-27,d_970,2025_35,Wednesday,3,8,2025,,,,,0,0,0,75.3,3.03,312.66,4.21
2025-08-28,d_971,2025_35,Thursday,4,8,2025,,,,,0,0,0,73.4,3.12,312.68,4.23
2025-08-29,d_972,2025_35,Friday,5,8,2025,,,,,0,0,0,74.0,3.03,312.75,4.13
2025-08-30,d_973,2025_35,Saturday,6,8,2025,,,,,0,0,0,75.4,3.07,312.24,4.17
2025-08-31,d_974,2025_35,Sunday,7,8,2025,,,,,0,0,0,77.0,3.01,312.65,4.21
2025-09-01,d_975,2025_36,Monday,1,9,2025,,,,,1,1,1,68.7,2.99,312.18,4.13
2025-09-02,d_976,2025_36,Tuesday,2,9,2025,,,,,1,1,1,68.2,2.9,312.3,4.2
2025-09-03,d_977,2025_36,Wednesday,3,9,2025,,,,,1,1,1,78.6,2.85,312.2,4.12
2025-09-04,d_978,2025_36,Thursday,4,9,2025,,,,,1,1,1,70.7,2.98,312.11,4.13
2025-09-05,d_979,2025_36,Friday,5,9,2025,,,,,1,1,1,65.4,3.0,313.03,4.12
2025-09-06,d_980,2025_36,Saturday,6,9,2025,,,,,1,1,1,74.4,2.89,312.9,4.18
2025-09-07,d_981,2025_36,Sunday,7,9,2025,,,,,1,1,1,74.2,2.99,313.03,4.22
2025-09-08,d_982,2025_37,Monday,1,9,2025,,,,,0,0,0,63.9,2.99,312.67,4.15
2025-09-09,d_983,2025_37,Tuesday,2,9,2025,,,,,0,0,0,72.4,2.81,312.99,4.1
2025-09-10,d_984,2025_37,Wednesday,3,9,2025,,,,,0,0,0,74.6,2.9,311.99,4.11
2025-09-11,d_985,2025_37,Thursday,4,9,2025,,,,,0,0,0,72.5,3.0,313.06,4.18
2025-09-12,d_986,2025_37,Friday,5,9,2025,,,,,0,0,0,73.5,3.0,312.8,4.26
2025-09-13,d_987,2025_37,Saturday,6,9,2025,,,,,0,0,0,63.0,2.87,313.0,4.19
2025-09-14,d_988,2025_37,Sunday,7,9,2025,,,,,0,0,0,71.4,2.97,312.92,4.15
2025-09-15,d_989,2025_38,Monday,1,9,2025,,,,,0,0,0,67.9,3.04,312.39,4.21
2025-09-16,d_990,2025_38,Tuesday,2,9,2025,,,,,0,0,0,66.7,3.01,312.2,4.16
2025-09-17,d_991,2025_38,Wednesday,3,9,2025,,,,,0,0,0,73.2,2.94,312.54,4.16
2025-09-18,d_992,2025_38,Thursday,4,9,2025,,,,,0,0,0,75.9,2.9,313.06,4.13
2025-09-19,d_993,2025_38,Friday,5,9,2025,,,,,0,0,0,77.2,2.89,313.13,4.25
2025-09-20,d_994,2025_38,Saturday,6,9,2025,,,,,0,0,0,74.5,2.97,312.33,4.05
2025-09-21,d_995,2025_38,Sunday,7,9,2025,,,,,0,0,0,67.0,2.95,312.5,4.22
2025-09-22,d_996,2025_39,Monday,1,9,2025,,,,,0,0,0,69.0,2.98,312.62,4.16
2025-09-23,d_997,2025_39,Tuesday,2,9,2025,,,,,0,0,0,70.8,2.93,312.79,4.17
2025-09-24,d_998,2025_39,Wednesday,3,9,2025,,,,,0,0,0,67.3,2.98,312.4,4.27
2025-09-25,d_999,2025_39,Thursday,4,9,2025,,,,,0,0,0,67.0,2.92,312.4,4.16
2025-09-26,d_1000,2025_39,Friday,5,9,2025,,,,,0,0,0,70.1,2.97,312.65,4.16
2025-09-27,d_1001,2025_39,Saturday,6,9,2025,,,,,0,0,0,65.4,2.98,313.03,4.19
2025-09-28,d_1002,2025_39,Sunday,7,9,2025,,,,,0,0,0,61.8,2.84,312.55,4.22
2025-09-29,d_1003,2025_40,Monday,1,9,2025,,,,,0,0,0,63.0,2.76,312.99,4.18
2025-09-30,d_1004,2025_40,Tuesday,2,9,2025,,,,,0,0,0,68.0,3.02,313.48,4.13
2025-10-01,d_1005,2025_40,Wednesday,3,10,2025,,,,,1,1,1,64.5,2.92,312.55,4.16
2025-10-02,d_1006,2025_40,Thursday,4,10,2025,,,,,1,1,1,65.9,2.76,313.01,4.27
2025-10-03,d_1007,2025_40,Friday,5,10,2025,,,,,1,1,1,67.2,2.83,313.52,4.22
2025-10-04,d_1008,2025_40,Saturday,6,10,2025,,,,,1,1,1,61.7,2.95,312.96,4.24
2025-10-05,d_1009,2025_40,Sunday,7,10,2025,,,,,1,1,1,67.1,2.86,312.91,4.21
2025-10-06,d_1010,2025_41,Monday,1,10,2025,,,,,1,1,1,64.9,2.84,313.63,4.19
2025-10-07,d_1011,2025_41,Tuesday,2,10,2025,,,,,1,1,1,56.5,2.99,313.06,4.31
2025-10-08,d_1012,2025_41,Wednesday,3,10,2025,,,,,0,0,0,69.6,2.79,313.64,4.22
2025-10-09,d_1013,2025_41,Thursday,4,10,2025,,,,,0,0,0,59.6,2.81,313.39,4.21
2025-10-10,d_1014,2025_41,Friday,5,10,2025,,,,,0,0,0,53.5,2.89,313.1,4.29
2025-10-11,d_1015,2025_41,Saturday,6,10,2025,,,,,0,0,0,56.3,2.9,313.44,4.2
2025-10-12,d_1016,2025_41,Sunday,7,10,2025,,,,,0,0,0,56.1,2.91,313.4,4.21
2025-10-13,d_1017,2025_42,Monday,1,10,2025,,,,,0,0,0,61.2,2.94,313.7,4.24
2025-10-14,d_1018,2025_42,Tuesday,2,10,2025,,,,,0,0,0,59.3,2.88,313.09,4.25
2025-10-15,d_1019,2025_42,Wednesday,3,10,2025,,,,,0,0,0,58.7,2.9,313.34,4.26
2025-10-16,d_1020,2025_42,Thursday,4,10,2025,,,,,0,0,0,63.2,2.84,313.32,4.36
2025-10-17,d_1021,2025_42,Friday,5,10,2025,,,,,0,0,0,61.5,2.87,313.64,4.27
2025-10-18,d_1022,2025_42,Saturday,6,10,2025,,,,,0,0,0,61.1,2.87,312.97,4.14
2025-10-19,d_1023,2025_42,Sunday,7,10,2025,,,,,0,0,0,61.3,2.87,313.8,4.28
2025-10-20,d_1024,2025_43,Monday,1,10,2025,,,,,0,0,0,62.1,2.92,313.6,4.27
2025-10-21,d_1025,2025_43,Tuesday,2,10,2025,,,,,0,0,0,48.2,2.9,312.91,4.27
2025-10-22,d_1026,2025_43,Wednesday,3,10,2025,,,,,0,0,0,56.7,2.86,313.93,4.29
2025-10-23,d_1027,2025_43,Thursday,4,10,2025,,,,,0,0,0,47.3,2.79,314.36,4.28
2025-10-24,d_1028,2025_43,Friday,5,10,2025,,,,,0,0,0,58.1,2.86,313.89,4.28
2025-10-25,d_1029,2025_43,Saturday,6,10,2025,,,,,0,0,0,57.7,2.85,314.07,4.32
2025-10-26,d_1030,2025_43,Sunday,7,10,2025,,,,,0,0,0,62.7,2.87,313.56,4.26
2025-10-27,d_1031,2025_44,Monday,1,10,2025,,,,,0,0,0,63.1,3.03,312.88,4.25
2025-10-28,d_1032,2025_44,Tuesday,2,10,2025,,,,,0,0,0,58.0,2.81,312.82,4.45
2025-10-29,d_1033,2025_44,Wednesday,3,10,2025,,,,,0,0,0,54.2,2.88,313.68,4.27
2025-10-30,d_1034,2025_44,Thursday,4,10,2025,,,,,0,0,0,58.9,2.94,313.36,4.31
2025-10-31,d_1035,2025_44,Friday,5,10,2025,Halloween,National,,,0,0,0,53.6,2.86,313.25,4.24
2025-11-01,d_1036,2025_44,Saturday,6,11,2025,,,,,1,1,1,56.0,3.04,313.6,4.32
2025-11-02,d_1037,2025_44,Sunday,7,11,2025,,,,,1,1,1,60.7,2.82,313.89,4.27
2025-11-03,d_1038,2025_45,Monday,1,11,2025,,,,,1,1,1,52.8,2.88,313.08,4.3
2025-11-04,d_1039,2025_45,Tuesday,2,11,2025,,,,,1,1,1,59.4,2.79,313.5,4.38
2025-11-05,d_1040,2025_45,Wednesday,3,11,2025,,,,,1,1,1,58.5,2.82,314.31,4.35
2025-11-06,d_1041,2025_45,Thursday,4,11,2025,,,,,1,1,1,50.1,2.87,313.29,4.36
2025-11-07,d_1042,2025_45,Friday,5,11,2025,,,,,1,1,1,59.6,2.92,314.09,4.25
2025-11-08,d_1043,2025_45,Saturday,6,11,2025,,,,,0,0,0,58.0,2.88,313.56,4.44
2025-11-09,d_1044,2025_45,Sunday,7,11,2025,,,,,0,0,0,54.8,2.95,313.99,4.29
2025-11-10,d_1045,2025_46,Monday,1,11,2025,,,,,0,0,0,50.3,2.85,314.23,4.43
2025-11-11,d_1046,2025_46,Tuesday,2,11,2025,,,,,0,0,0,49.6,2.83,314.11,4.41
2025-11-12,d_1047,2025_46,Wednesday,3,11,2025,,,,,0,0,0,51.0,3.07,314.19,4.39
2025-11-13,d_1048,2025_46,Thursday,4,11,2025,,,,,0,0,0,56.2,2.89,313.39,4.32
2025-11-14,d_1049,2025_46,Friday,5,11,2025,,,,,0,0,0,48.6,2.8,314.31,4.38
2025-11-15,d_1050,2025_46,Saturday,6,11,2025,,,,,0,0,0,55.3,2.81,313.54,4.35
2025-11-16,d_1051,2025_46,Sunday,7,11,2025,,,,,0,0,0,46.8,2.79,314.0,4.38
2025-11-17,d_1052,2025_47,Monday,1,11,2025,,,,,0,0,0,51.8,2.94,314.02,4.37
2025-11-18,d_1053,2025_47,Tuesday,2,11,2025,,,,,0,0,0,53.2,2.84,314.13,4.28
2025-11-19,d_1054,2025_47,Wednesday,3,11,2025,,,,,0,0,0,64.7,2.88,314.09,4.45
2025-11-20,d_1055,2025_47,Thursday,4,11,2025,,,,,0,0,0,45.4,2.87,313.63,4.39
2025-11-21,d_1056,2025_47,Friday,5,11,2025,,,,,0,0,0,59.5,2.93,313.45,4.37
2025-11-22,d_1057,2025_47,Saturday,6,11,2025,,,,,0,0,0,52.8,2.81,314.36,4.38
2025-11-23,d_1058,2025_47,Sunday,7,11,2025,,,,,0,0,0,54.0,2.79,314.1,4.43
2025-11-24,d_1059,2025_48,Monday,1,11,2025,,,,,0,0,0,52.4,2.9,314.5,4.37
2025-11-25,d_1060,2025_48,Tuesday,2,11,2025,Thanksgiving,National,,,0,0,0,53.9,2.93,314.04,4.3
2025-11-26,d_1061,2025_48,Wednesday,3,11,2025,,,,,0,0,0,50.7,2.91,313.52,4.44
2025-11-27,d_1062,2025_48,Thursday,4,11,2025,,,,,0,0,0,58.7,2.82,314.48,4.45
2025-11-28,d_1063,2025_48,Friday,5,11,2025,BlackFriday,National,,,0,0,0,49.0,2.94,313.97,4.42
2025-11-29,d_1064,2025_48,Saturday,6,11,2025,,,,,0,0,0,56.8,2.83,314.27,4.38
2025-11-30,d_1065,2025_48,Sunday,7,11,2025,,,,,0,0,0,47.8,2.85,313.89,4.44
2025-12-01,d_1066,2025_49,Monday,1,12,2025,CyberMonday,National,,,1,0,1,50.6,2.82,314.83,4.37
2025-12-02,d_1067,2025_49,Tuesday,2,12,2025,,,,,1,0,1,45.5,3.01,313.84,4.39
2025-12-03,d_1068,2025_49,Wednesday,3,12,2025,,,,,1,0,1,53.0,2.96,314.07,4.41
2025-12-04,d_1069,2025_49,Thursday,4,12,2025,,,,,1,0,1,57.9,2.96,314.27,4.5
2025-12-05,d_1070,2025_49,Friday,5,12,2025,,,,,1,0,1,50.2,3.01,313.81,4.44
2025-12-06,d_1071,2025_49,Saturday,6,12,2025,,,,,1,0,1,49.5,3.14,314.39,4.44
2025-12-07,d_1072,2025_49,Sunday,7,12,2025,,,,,1,0,1,44.9,2.78,314.92,4.56
2025-12-08,d_1073,2025_50,Monday,1,12,2025,,,,,0,0,0,49.2,2.86,314.1,4.49
2025-12-09,d_1074,2025_50,Tuesday,2,12,2025,,,,,0,0,0,42.4,2.88,314.47,4.49
2025-12-10,d_1075,2025_50,Wednesday,3,12,2025,,,,,0,0,0,45.7,2.86,313.23,4.46
2025-12-11,d_1076,2025_50,Thursday,4,12,2025,,,,,0,0,0,51.3,2.85,314.33,4.45
2025-12-12,d_1077,2025_50,Friday,5,12,2025,,,,,0,0,0,56.8,2.91,314.24,4.38
2025-12-13,d_1078,2025_50,Saturday,6,12,2025,,,,,0,0,0,64.2,2.84,314.06,4.54
2025-12-14,d_1079,2025_50,Sunday,7,12,2025,,,,,0,0,0,47.2,2.97,314.84,4.52
2025-12-15,d_1080,2025_51,Monday,1,12,2025,,,,,0,0,0,57.2,2.95,314.29,4.49
2025-12-16,d_1081,2025_51,Tuesday,2,12,2025,,,,,0,0,0,51.3,2.99,314.37,4.5
2025-12-17,d_1082,2025_51,Wednesday,3,12,2025,,,,,0,0,0,49.3,3.0,314.31,4.54
2025-12-18,d_1083,2025_51,Thursday,4,12,2025,,,,,0,0,0,52.2,3.01,313.71,4.43
2025-12-19,d_1084,2025_51,Friday,5,12,2025,,,,,0,0,0,50.3,2.94,314.04,4.49
2025-12-20,d_1085,2025_51,Saturday,6,12,2025,,,,,0,0,0,50.6,3.14,314.9,4.46
2025-12-21,d_1086,2025_51,Sunday,7,12,2025,,,,,0,0,0,48.0,3.0,313.69,4.61
2025-12-22,d_1087,2025_52,Monday,1,12,2025,,,,,0,0,0,43.0,2.83,314.24,4.57
2025-12-23,d_1088,2025_52,Tuesday,2,12,2025,,,,,0,0,0,42.3,2.91,314.41,4.42
2025-12-24,d_1089,2025_52,Wednesday,3,12,2025,,,,,0,0,0,53.3,2.85,315.28,4.46
2025-12-25,d_1090,2025_52,Thursday,4,12,2025,Christmas,National,,,0,0,0,48.7,3.0,314.91,4.53
2025-12-26,d_1091,2025_52,Friday,5,12,2025,,,,,0,0,0,47.1,2.99,314.4,4.52
2025-12-27,d_1092,2025_52,Saturday,6,12,2025,,,,,0,0,0,50.2,2.97,315.16,4.48
2025-12-28,d_1093,2025_52,Sunday,7,12,2025,,,,,0,0,0,54.1,3.17,314.36,4.64
2025-12-29,d_1094,2026_01,Monday,1,12,2025,,,,,0,0,0,51.1,3.06,315.08,4.57
2025-12-30,d_1095,2026_01,Tuesday,2,12,2025,,,,,0,0,0,47.0,3.08,314.15,4.58
2025-12-31,d_1096,2026_01,Wednesday,3,12,2025,NewYearEve,National,,,0,0,0,56.5,2.95,315.14,4.52
